id,name,sku,quantity,quantity_unit,scope,supply_kind,selection_status,acquisition_status,essential,unit_price,currency,extended_price,pricing_status,price_source_id,included_in_cost_of,unit_mass_kg,mass_basis,included_in_pinned_mass_subtotal,source_ids,notes,source_step,source_step_sha256,ledger_node,assembly_group,stroke_mm,mass_scope,quote_date,is_supplier_quote,price_observed_on,price_source_url,availability,tax_basis,shipping_basis
frame_R07,Original welded frame R07,original:frame_R07,1,each,vehicle,original_fabrication,modeled_original_development,no_purchase_or_owned_hardware_evidence,true,null,null,null,unpriced,null,null,386.9529671773959,source_snapshot_or_catalogue_not_weighed,true,,"Quote required:stock, welds, post-weld machining, finishing, inspection and scrap. Geometry is not fabrication released.",null,null,null,null,null,null,null,false,null,null,null,null,null
body_R01,"Original body, trays, restraints and modeled hardware R01",original:body_power_R01,1,each,vehicle,original_fabrication,modeled_original_development,no_purchase_or_owned_hardware_evidence,true,null,null,null,unpriced,null,null,115.71496048218766,source_snapshot_or_catalogue_not_weighed,true,,"175 original CAD parts aggregated; quote against original_cutlist.csv. Excludes four batteries and two controllers, which are separate rows. Material densities assumed.",null,null,null,null,null,null,null,false,null,null,null,null,null
adapter_R04,Original tool-flange adapter R04,original:adapter_R04,2,each,vehicle,original_fabrication,modeled_original_development,no_purchase_or_owned_hardware_evidence,true,null,null,null,unpriced,null,null,1.316846623,source_snapshot_or_catalogue_not_weighed,true,,Unqualified original adapter; mandatory Robotiq coupling remains separately purchased. Do not add alternative ACC-APL-UR20 plate on top.,null,null,null,null,null,null,null,false,null,null,null,null,null
rear_right_clamp,rear right clamp,original:stationary_clamp_rear_right_C03_R03,1,each,vehicle,original_fabrication,modeled_original_development,no_purchase_or_owned_hardware_evidence,true,null,null,null,unpriced,null,null,17.710393706757635,Original CAD volume with assumed material density; no purchased envelopes counted,true,,"C03_R01 source ledger node. Four steering corners and two racks plus two C02_R06 middle corners only. Material, machining, finish, inspection and fastening require a fabrication quote. Not physically qualified.",running_gear_C03/stationary_clamp_rear_right_C03_R03.step,3d67bdf8caa1c51133528d1d7cdd5c9f9254dd06a2c541f1e40503389f22b8fb,rear_right_clamp,steering_C03_R01,null,null,null,false,null,null,null,null,null
rear_right_inner_backing_C02_R01,rear right inner backing C02 R01,original:inner_backing_C02_R01,1,each,vehicle,original_fabrication,modeled_original_development,no_purchase_or_owned_hardware_evidence,true,null,null,null,unpriced,null,null,2.3991864732733807,Original CAD volume with assumed material density; no purchased envelopes counted,true,,"C03_R01 source ledger node. Four steering corners and two racks plus two C02_R06 middle corners only. Material, machining, finish, inspection and fastening require a fabrication quote. Not physically qualified.",running_gear_C02/inner_backing_C02_R01.step,c735a886ec4bc576074a887053ee3f928866e8b8e1193fe271c754b624bcff09,rear_right_inner_backing_C02_R01,steering_C03_R01,null,null,null,false,null,null,null,null,null
rear_right_stationary_hardware_C02_R01,rear right stationary hardware C02 R01,original:stationary_hardware_C02_R01,1,each,vehicle,original_fabrication,modeled_original_development,no_purchase_or_owned_hardware_evidence,true,null,null,null,unpriced,null,null,2.061987039990519,Original CAD volume with assumed material density; no purchased envelopes counted,true,,"C03_R01 source ledger node. Four steering corners and two racks plus two C02_R06 middle corners only. Material, machining, finish, inspection and fastening require a fabrication quote. Not physically qualified.",running_gear_C02/stationary_hardware_C02_R01.step,e357a7e909bdff4ba8591b7a77e3e8759d3b62ccad917cf15ea5dc6503386d6f,rear_right_stationary_hardware_C02_R01,steering_C03_R01,null,null,null,false,null,null,null,null,null
rear_right_upper_wishbone_C03_R02,rear right upper wishbone C03 R02,original:upper_wishbone_C03_R02,1,each,vehicle,original_fabrication,modeled_original_development,no_purchase_or_owned_hardware_evidence,true,null,null,null,unpriced,null,null,3.0688774124917457,Original CAD volume with assumed material density; no purchased envelopes counted,true,,"C03_R01 source ledger node. Four steering corners and two racks plus two C02_R06 middle corners only. Material, machining, finish, inspection and fastening require a fabrication quote. Not physically qualified.",running_gear_C03/upper_wishbone_C03_R02.step,1b2a6b989f80b57188c46fb8a258ca479abf1d7dd586df782fb849ef37ae825c,rear_right_upper_wishbone_C03_R02,steering_C03_R01,null,null,null,false,null,null,null,null,null
rear_right_lower_wishbone_C03_R03,rear right lower wishbone C03 R03,original:lower_wishbone_C03_R03,1,each,vehicle,original_fabrication,modeled_original_development,no_purchase_or_owned_hardware_evidence,true,null,null,null,unpriced,null,null,3.5756271765955288,Original CAD volume with assumed material density; no purchased envelopes counted,true,,"C03_R01 source ledger node. Four steering corners and two racks plus two C02_R06 middle corners only. Material, machining, finish, inspection and fastening require a fabrication quote. Not physically qualified.",running_gear_C03/lower_wishbone_C03_R03.step,96de911a6e53c7cb4b47e43dc58a1d56bd7efe42de5d20dbecfeb6947f4ae3d6,rear_right_lower_wishbone_C03_R03,steering_C03_R01,null,null,null,false,null,null,null,null,null
rear_right_outer_pins_left_C03_R01,rear right outer pins left C03 R01,original:outer_pins_left_C03_R01,1,each,vehicle,original_fabrication,modeled_original_development,no_purchase_or_owned_hardware_evidence,true,null,null,null,unpriced,null,null,0.5030929669493842,Original CAD volume with assumed material density; no purchased envelopes counted,true,,"C03_R01 source ledger node. Four steering corners and two racks plus two C02_R06 middle corners only. Material, machining, finish, inspection and fastening require a fabrication quote. Not physically qualified.",running_gear_C03/outer_pins_left_C03_R01.step,b67a8b24e6254c207443617a949d7189d325f83d3ac6c9abdf801972667640d5,rear_right_outer_pins_left_C03_R01,steering_C03_R01,null,null,null,false,null,null,null,null,null
rear_right_upright,rear right upright,original:steering_upright_rear_right_C03_R05,1,each,vehicle,original_fabrication,modeled_original_development,no_purchase_or_owned_hardware_evidence,true,null,null,null,unpriced,null,null,9.189729288276808,Original CAD volume with assumed material density; no purchased envelopes counted,true,,"C03_R01 source ledger node. Four steering corners and two racks plus two C02_R06 middle corners only. Material, machining, finish, inspection and fastening require a fabrication quote. Not physically qualified.",running_gear_C03/steering_upright_rear_right_C03_R05.step,7a85968a193ce2979d29ad3e42527f85aa07b925fcd6d909257228dc603c2f90,rear_right_upright,steering_C03_R01,null,null,null,false,null,null,null,null,null
rear_right_retainer_upper,rear right retainer upper,original:housing_retainer_C03_R01,1,each,vehicle,original_fabrication,modeled_original_development,no_purchase_or_owned_hardware_evidence,true,null,null,null,unpriced,null,null,0.0698968629807323,Original CAD volume with assumed material density; no purchased envelopes counted,true,,"C03_R01 source ledger node. Four steering corners and two racks plus two C02_R06 middle corners only. Material, machining, finish, inspection and fastening require a fabrication quote. Not physically qualified.",running_gear_C03/housing_retainer_C03_R01.step,be6550a5d18a7b889c89857c6a24e3b772f0895b3873f0d33d787893b0c5f911,rear_right_retainer_upper,steering_C03_R01,null,null,null,false,null,null,null,null,null
rear_right_retainer_lower,rear right retainer lower,original:housing_retainer_C03_R01,1,each,vehicle,original_fabrication,modeled_original_development,no_purchase_or_owned_hardware_evidence,true,null,null,null,unpriced,null,null,0.0698968629807323,Original CAD volume with assumed material density; no purchased envelopes counted,true,,"C03_R01 source ledger node. Four steering corners and two racks plus two C02_R06 middle corners only. Material, machining, finish, inspection and fastening require a fabrication quote. Not physically qualified.",running_gear_C03/housing_retainer_C03_R01.step,be6550a5d18a7b889c89857c6a24e3b772f0895b3873f0d33d787893b0c5f911,rear_right_retainer_lower,steering_C03_R01,null,null,null,false,null,null,null,null,null
rear_right_wheel_adapter,rear right wheel adapter,original:wheel_adapter_C02_R02,1,each,vehicle,original_fabrication,modeled_original_development,no_purchase_or_owned_hardware_evidence,true,null,null,null,unpriced,null,null,6.462878281126789,Original CAD volume with assumed material density; no purchased envelopes counted,true,,"C03_R01 source ledger node. Four steering corners and two racks plus two C02_R06 middle corners only. Material, machining, finish, inspection and fastening require a fabrication quote. Not physically qualified.",running_gear_C02/wheel_adapter_C02_R02.step,5f91580e72dbd906703ff49a9479e58f269be05cba453f9f264943eb61a03b1f,rear_right_wheel_adapter,steering_C03_R01,null,null,null,false,null,null,null,null,null
rear_right_tie_tube_C03_R02,rear right tie tube C03 R02,original:tie_tube_C03_R02,1,each,vehicle,original_fabrication,modeled_original_development,no_purchase_or_owned_hardware_evidence,true,null,null,null,unpriced,null,null,0.5941735879887436,Original CAD volume with assumed material density; no purchased envelopes counted,true,,"C03_R01 source ledger node. Four steering corners and two racks plus two C02_R06 middle corners only. Material, machining, finish, inspection and fastening require a fabrication quote. Not physically qualified.",running_gear_C03/tie_tube_C03_R02.step,114e98370766307f92b6be442668e39aa1fab8a237247660fd0ef7e0761b4110,rear_right_tie_tube_C03_R02,steering_C03_R01,null,null,null,false,null,null,null,null,null
rear_right_tie_insert_RH_C03_R02,rear right tie insert RH C03 R02,original:tie_insert_RH_C03_R02,1,each,vehicle,original_fabrication,modeled_original_development,no_purchase_or_owned_hardware_evidence,true,null,null,null,unpriced,null,null,0.06684773795272364,Original CAD volume with assumed material density; no purchased envelopes counted,true,,"C03_R01 source ledger node. Four steering corners and two racks plus two C02_R06 middle corners only. Material, machining, finish, inspection and fastening require a fabrication quote. Not physically qualified.",running_gear_C03/tie_insert_RH_C03_R02.step,9346f07d276692b2d60985b9f3e3fcb690914b567017d4292359d54109c3bde5,rear_right_tie_insert_RH_C03_R02,steering_C03_R01,null,null,null,false,null,null,null,null,null
rear_right_tie_insert_LH_C03_R02,rear right tie insert LH C03 R02,original:tie_insert_LH_C03_R02,1,each,vehicle,original_fabrication,modeled_original_development,no_purchase_or_owned_hardware_evidence,true,null,null,null,unpriced,null,null,0.06684773795272354,Original CAD volume with assumed material density; no purchased envelopes counted,true,,"C03_R01 source ledger node. Four steering corners and two racks plus two C02_R06 middle corners only. Material, machining, finish, inspection and fastening require a fabrication quote. Not physically qualified.",running_gear_C03/tie_insert_LH_C03_R02.step,f1b6f8436dbb0f0c148cc5565d8438a0dd950d59d75e6ed262ce52c4ae679f04,rear_right_tie_insert_LH_C03_R02,steering_C03_R01,null,null,null,false,null,null,null,null,null
rear_right_inner_tie_pin,rear right inner tie pin,original:tie_clevis_pin_C03_R01,1,each,vehicle,original_fabrication,modeled_original_development,no_purchase_or_owned_hardware_evidence,true,null,null,null,unpriced,null,null,0.14257134237654337,Original CAD volume with assumed material density; no purchased envelopes counted,true,,"C03_R01 source ledger node. Four steering corners and two racks plus two C02_R06 middle corners only. Material, machining, finish, inspection and fastening require a fabrication quote. Not physically qualified.",running_gear_C03/tie_clevis_pin_C03_R01.step,5de61d920b6e33dded533be78777ef4da4c079d3ba88dcb4dbc40694b24818bb,rear_right_inner_tie_pin,steering_C03_R01,null,null,null,false,null,null,null,null,null
rear_right_outer_tie_pin,rear right outer tie pin,original:tie_clevis_pin_C03_R01,1,each,vehicle,original_fabrication,modeled_original_development,no_purchase_or_owned_hardware_evidence,true,null,null,null,unpriced,null,null,0.14257134237654365,Original CAD volume with assumed material density; no purchased envelopes counted,true,,"C03_R01 source ledger node. Four steering corners and two racks plus two C02_R06 middle corners only. Material, machining, finish, inspection and fastening require a fabrication quote. Not physically qualified.",running_gear_C03/tie_clevis_pin_C03_R01.step,5de61d920b6e33dded533be78777ef4da4c079d3ba88dcb4dbc40694b24818bb,rear_right_outer_tie_pin,steering_C03_R01,null,null,null,false,null,null,null,null,null
rear_left_clamp,rear left clamp,original:stationary_clamp_rear_left_C03_R03,1,each,vehicle,original_fabrication,modeled_original_development,no_purchase_or_owned_hardware_evidence,true,null,null,null,unpriced,null,null,17.71039370675769,Original CAD volume with assumed material density; no purchased envelopes counted,true,,"C03_R01 source ledger node. Four steering corners and two racks plus two C02_R06 middle corners only. Material, machining, finish, inspection and fastening require a fabrication quote. Not physically qualified.",running_gear_C03/stationary_clamp_rear_left_C03_R03.step,13752d447f94cd9cd5e2babf28cf19cb80718ddb8e30a18ee1ebfd54ca27b95a,rear_left_clamp,steering_C03_R01,null,null,null,false,null,null,null,null,null
rear_left_inner_backing_C02_R01,rear left inner backing C02 R01,original:inner_backing_C02_R01,1,each,vehicle,original_fabrication,modeled_original_development,no_purchase_or_owned_hardware_evidence,true,null,null,null,unpriced,null,null,2.3991864732733807,Original CAD volume with assumed material density; no purchased envelopes counted,true,,"C03_R01 source ledger node. Four steering corners and two racks plus two C02_R06 middle corners only. Material, machining, finish, inspection and fastening require a fabrication quote. Not physically qualified.",running_gear_C02/inner_backing_C02_R01.step,c735a886ec4bc576074a887053ee3f928866e8b8e1193fe271c754b624bcff09,rear_left_inner_backing_C02_R01,steering_C03_R01,null,null,null,false,null,null,null,null,null
rear_left_stationary_hardware_C02_R01,rear left stationary hardware C02 R01,original:stationary_hardware_C02_R01,1,each,vehicle,original_fabrication,modeled_original_development,no_purchase_or_owned_hardware_evidence,true,null,null,null,unpriced,null,null,2.0619870399905205,Original CAD volume with assumed material density; no purchased envelopes counted,true,,"C03_R01 source ledger node. Four steering corners and two racks plus two C02_R06 middle corners only. Material, machining, finish, inspection and fastening require a fabrication quote. Not physically qualified.",running_gear_C02/stationary_hardware_C02_R01.step,e357a7e909bdff4ba8591b7a77e3e8759d3b62ccad917cf15ea5dc6503386d6f,rear_left_stationary_hardware_C02_R01,steering_C03_R01,null,null,null,false,null,null,null,null,null
rear_left_upper_wishbone_C03_R02,rear left upper wishbone C03 R02,original:upper_wishbone_C03_R02,1,each,vehicle,original_fabrication,modeled_original_development,no_purchase_or_owned_hardware_evidence,true,null,null,null,unpriced,null,null,3.0688774124917466,Original CAD volume with assumed material density; no purchased envelopes counted,true,,"C03_R01 source ledger node. Four steering corners and two racks plus two C02_R06 middle corners only. Material, machining, finish, inspection and fastening require a fabrication quote. Not physically qualified.",running_gear_C03/upper_wishbone_C03_R02.step,1b2a6b989f80b57188c46fb8a258ca479abf1d7dd586df782fb849ef37ae825c,rear_left_upper_wishbone_C03_R02,steering_C03_R01,null,null,null,false,null,null,null,null,null
rear_left_lower_wishbone_C03_R03,rear left lower wishbone C03 R03,original:lower_wishbone_C03_R03,1,each,vehicle,original_fabrication,modeled_original_development,no_purchase_or_owned_hardware_evidence,true,null,null,null,unpriced,null,null,3.57562717659553,Original CAD volume with assumed material density; no purchased envelopes counted,true,,"C03_R01 source ledger node. Four steering corners and two racks plus two C02_R06 middle corners only. Material, machining, finish, inspection and fastening require a fabrication quote. Not physically qualified.",running_gear_C03/lower_wishbone_C03_R03.step,96de911a6e53c7cb4b47e43dc58a1d56bd7efe42de5d20dbecfeb6947f4ae3d6,rear_left_lower_wishbone_C03_R03,steering_C03_R01,null,null,null,false,null,null,null,null,null
rear_left_outer_pins_left_C03_R01,rear left outer pins left C03 R01,original:outer_pins_left_C03_R01,1,each,vehicle,original_fabrication,modeled_original_development,no_purchase_or_owned_hardware_evidence,true,null,null,null,unpriced,null,null,0.5030929669493842,Original CAD volume with assumed material density; no purchased envelopes counted,true,,"C03_R01 source ledger node. Four steering corners and two racks plus two C02_R06 middle corners only. Material, machining, finish, inspection and fastening require a fabrication quote. Not physically qualified.",running_gear_C03/outer_pins_left_C03_R01.step,b67a8b24e6254c207443617a949d7189d325f83d3ac6c9abdf801972667640d5,rear_left_outer_pins_left_C03_R01,steering_C03_R01,null,null,null,false,null,null,null,null,null
rear_left_upright,rear left upright,original:steering_upright_rear_left_C03_R05,1,each,vehicle,original_fabrication,modeled_original_development,no_purchase_or_owned_hardware_evidence,true,null,null,null,unpriced,null,null,9.189727923148006,Original CAD volume with assumed material density; no purchased envelopes counted,true,,"C03_R01 source ledger node. Four steering corners and two racks plus two C02_R06 middle corners only. Material, machining, finish, inspection and fastening require a fabrication quote. Not physically qualified.",running_gear_C03/steering_upright_rear_left_C03_R05.step,7d43b85020592064657ca5308482394ef29c3960c48c7f65a039ca44fe11b19d,rear_left_upright,steering_C03_R01,null,null,null,false,null,null,null,null,null
rear_left_retainer_upper,rear left retainer upper,original:housing_retainer_C03_R01,1,each,vehicle,original_fabrication,modeled_original_development,no_purchase_or_owned_hardware_evidence,true,null,null,null,unpriced,null,null,0.06989686298073233,Original CAD volume with assumed material density; no purchased envelopes counted,true,,"C03_R01 source ledger node. Four steering corners and two racks plus two C02_R06 middle corners only. Material, machining, finish, inspection and fastening require a fabrication quote. Not physically qualified.",running_gear_C03/housing_retainer_C03_R01.step,be6550a5d18a7b889c89857c6a24e3b772f0895b3873f0d33d787893b0c5f911,rear_left_retainer_upper,steering_C03_R01,null,null,null,false,null,null,null,null,null
rear_left_retainer_lower,rear left retainer lower,original:housing_retainer_C03_R01,1,each,vehicle,original_fabrication,modeled_original_development,no_purchase_or_owned_hardware_evidence,true,null,null,null,unpriced,null,null,0.06989686298073232,Original CAD volume with assumed material density; no purchased envelopes counted,true,,"C03_R01 source ledger node. Four steering corners and two racks plus two C02_R06 middle corners only. Material, machining, finish, inspection and fastening require a fabrication quote. Not physically qualified.",running_gear_C03/housing_retainer_C03_R01.step,be6550a5d18a7b889c89857c6a24e3b772f0895b3873f0d33d787893b0c5f911,rear_left_retainer_lower,steering_C03_R01,null,null,null,false,null,null,null,null,null
rear_left_wheel_adapter,rear left wheel adapter,original:wheel_adapter_C02_R02,1,each,vehicle,original_fabrication,modeled_original_development,no_purchase_or_owned_hardware_evidence,true,null,null,null,unpriced,null,null,6.462878281126787,Original CAD volume with assumed material density; no purchased envelopes counted,true,,"C03_R01 source ledger node. Four steering corners and two racks plus two C02_R06 middle corners only. Material, machining, finish, inspection and fastening require a fabrication quote. Not physically qualified.",running_gear_C02/wheel_adapter_C02_R02.step,5f91580e72dbd906703ff49a9479e58f269be05cba453f9f264943eb61a03b1f,rear_left_wheel_adapter,steering_C03_R01,null,null,null,false,null,null,null,null,null
rear_left_tie_tube_C03_R02,rear left tie tube C03 R02,original:tie_tube_C03_R02,1,each,vehicle,original_fabrication,modeled_original_development,no_purchase_or_owned_hardware_evidence,true,null,null,null,unpriced,null,null,0.5941735879887442,Original CAD volume with assumed material density; no purchased envelopes counted,true,,"C03_R01 source ledger node. Four steering corners and two racks plus two C02_R06 middle corners only. Material, machining, finish, inspection and fastening require a fabrication quote. Not physically qualified.",running_gear_C03/tie_tube_C03_R02.step,114e98370766307f92b6be442668e39aa1fab8a237247660fd0ef7e0761b4110,rear_left_tie_tube_C03_R02,steering_C03_R01,null,null,null,false,null,null,null,null,null
rear_left_tie_insert_RH_C03_R02,rear left tie insert RH C03 R02,original:tie_insert_RH_C03_R02,1,each,vehicle,original_fabrication,modeled_original_development,no_purchase_or_owned_hardware_evidence,true,null,null,null,unpriced,null,null,0.06684773795272358,Original CAD volume with assumed material density; no purchased envelopes counted,true,,"C03_R01 source ledger node. Four steering corners and two racks plus two C02_R06 middle corners only. Material, machining, finish, inspection and fastening require a fabrication quote. Not physically qualified.",running_gear_C03/tie_insert_RH_C03_R02.step,9346f07d276692b2d60985b9f3e3fcb690914b567017d4292359d54109c3bde5,rear_left_tie_insert_RH_C03_R02,steering_C03_R01,null,null,null,false,null,null,null,null,null
rear_left_tie_insert_LH_C03_R02,rear left tie insert LH C03 R02,original:tie_insert_LH_C03_R02,1,each,vehicle,original_fabrication,modeled_original_development,no_purchase_or_owned_hardware_evidence,true,null,null,null,unpriced,null,null,0.06684773795272356,Original CAD volume with assumed material density; no purchased envelopes counted,true,,"C03_R01 source ledger node. Four steering corners and two racks plus two C02_R06 middle corners only. Material, machining, finish, inspection and fastening require a fabrication quote. Not physically qualified.",running_gear_C03/tie_insert_LH_C03_R02.step,f1b6f8436dbb0f0c148cc5565d8438a0dd950d59d75e6ed262ce52c4ae679f04,rear_left_tie_insert_LH_C03_R02,steering_C03_R01,null,null,null,false,null,null,null,null,null
rear_left_inner_tie_pin,rear left inner tie pin,original:tie_clevis_pin_C03_R01,1,each,vehicle,original_fabrication,modeled_original_development,no_purchase_or_owned_hardware_evidence,true,null,null,null,unpriced,null,null,0.14257134237654343,Original CAD volume with assumed material density; no purchased envelopes counted,true,,"C03_R01 source ledger node. Four steering corners and two racks plus two C02_R06 middle corners only. Material, machining, finish, inspection and fastening require a fabrication quote. Not physically qualified.",running_gear_C03/tie_clevis_pin_C03_R01.step,5de61d920b6e33dded533be78777ef4da4c079d3ba88dcb4dbc40694b24818bb,rear_left_inner_tie_pin,steering_C03_R01,null,null,null,false,null,null,null,null,null
rear_left_outer_tie_pin,rear left outer tie pin,original:tie_clevis_pin_C03_R01,1,each,vehicle,original_fabrication,modeled_original_development,no_purchase_or_owned_hardware_evidence,true,null,null,null,unpriced,null,null,0.14257134237654362,Original CAD volume with assumed material density; no purchased envelopes counted,true,,"C03_R01 source ledger node. Four steering corners and two racks plus two C02_R06 middle corners only. Material, machining, finish, inspection and fastening require a fabrication quote. Not physically qualified.",running_gear_C03/tie_clevis_pin_C03_R01.step,5de61d920b6e33dded533be78777ef4da4c079d3ba88dcb4dbc40694b24818bb,rear_left_outer_tie_pin,steering_C03_R01,null,null,null,false,null,null,null,null,null
front_right_clamp,front right clamp,original:stationary_clamp_front_right_C03_R03,1,each,vehicle,original_fabrication,modeled_original_development,no_purchase_or_owned_hardware_evidence,true,null,null,null,unpriced,null,null,17.71039370675749,Original CAD volume with assumed material density; no purchased envelopes counted,true,,"C03_R01 source ledger node. Four steering corners and two racks plus two C02_R06 middle corners only. Material, machining, finish, inspection and fastening require a fabrication quote. Not physically qualified.",running_gear_C03/stationary_clamp_front_right_C03_R03.step,d1101faea8741ba4a896c42635ee0de1a7a3ca1a6246cd661c4fb299e0dc338d,front_right_clamp,steering_C03_R01,null,null,null,false,null,null,null,null,null
front_right_inner_backing_C02_R01,front right inner backing C02 R01,original:inner_backing_C02_R01,1,each,vehicle,original_fabrication,modeled_original_development,no_purchase_or_owned_hardware_evidence,true,null,null,null,unpriced,null,null,2.3991864732733807,Original CAD volume with assumed material density; no purchased envelopes counted,true,,"C03_R01 source ledger node. Four steering corners and two racks plus two C02_R06 middle corners only. Material, machining, finish, inspection and fastening require a fabrication quote. Not physically qualified.",running_gear_C02/inner_backing_C02_R01.step,c735a886ec4bc576074a887053ee3f928866e8b8e1193fe271c754b624bcff09,front_right_inner_backing_C02_R01,steering_C03_R01,null,null,null,false,null,null,null,null,null
front_right_stationary_hardware_C02_R01,front right stationary hardware C02 R01,original:stationary_hardware_C02_R01,1,each,vehicle,original_fabrication,modeled_original_development,no_purchase_or_owned_hardware_evidence,true,null,null,null,unpriced,null,null,2.061987039990519,Original CAD volume with assumed material density; no purchased envelopes counted,true,,"C03_R01 source ledger node. Four steering corners and two racks plus two C02_R06 middle corners only. Material, machining, finish, inspection and fastening require a fabrication quote. Not physically qualified.",running_gear_C02/stationary_hardware_C02_R01.step,e357a7e909bdff4ba8591b7a77e3e8759d3b62ccad917cf15ea5dc6503386d6f,front_right_stationary_hardware_C02_R01,steering_C03_R01,null,null,null,false,null,null,null,null,null
front_right_upper_wishbone_C03_R02,front right upper wishbone C03 R02,original:upper_wishbone_C03_R02,1,each,vehicle,original_fabrication,modeled_original_development,no_purchase_or_owned_hardware_evidence,true,null,null,null,unpriced,null,null,3.0688774124917457,Original CAD volume with assumed material density; no purchased envelopes counted,true,,"C03_R01 source ledger node. Four steering corners and two racks plus two C02_R06 middle corners only. Material, machining, finish, inspection and fastening require a fabrication quote. Not physically qualified.",running_gear_C03/upper_wishbone_C03_R02.step,1b2a6b989f80b57188c46fb8a258ca479abf1d7dd586df782fb849ef37ae825c,front_right_upper_wishbone_C03_R02,steering_C03_R01,null,null,null,false,null,null,null,null,null
front_right_lower_wishbone_C03_R03,front right lower wishbone C03 R03,original:lower_wishbone_C03_R03,1,each,vehicle,original_fabrication,modeled_original_development,no_purchase_or_owned_hardware_evidence,true,null,null,null,unpriced,null,null,3.57562717659553,Original CAD volume with assumed material density; no purchased envelopes counted,true,,"C03_R01 source ledger node. Four steering corners and two racks plus two C02_R06 middle corners only. Material, machining, finish, inspection and fastening require a fabrication quote. Not physically qualified.",running_gear_C03/lower_wishbone_C03_R03.step,96de911a6e53c7cb4b47e43dc58a1d56bd7efe42de5d20dbecfeb6947f4ae3d6,front_right_lower_wishbone_C03_R03,steering_C03_R01,null,null,null,false,null,null,null,null,null
front_right_outer_pins_left_C03_R01,front right outer pins left C03 R01,original:outer_pins_left_C03_R01,1,each,vehicle,original_fabrication,modeled_original_development,no_purchase_or_owned_hardware_evidence,true,null,null,null,unpriced,null,null,0.5030929669493842,Original CAD volume with assumed material density; no purchased envelopes counted,true,,"C03_R01 source ledger node. Four steering corners and two racks plus two C02_R06 middle corners only. Material, machining, finish, inspection and fastening require a fabrication quote. Not physically qualified.",running_gear_C03/outer_pins_left_C03_R01.step,b67a8b24e6254c207443617a949d7189d325f83d3ac6c9abdf801972667640d5,front_right_outer_pins_left_C03_R01,steering_C03_R01,null,null,null,false,null,null,null,null,null
front_right_upright,front right upright,original:steering_upright_right_C03_R05,1,each,vehicle,original_fabrication,modeled_original_development,no_purchase_or_owned_hardware_evidence,true,null,null,null,unpriced,null,null,9.189727923147814,Original CAD volume with assumed material density; no purchased envelopes counted,true,,"C03_R01 source ledger node. Four steering corners and two racks plus two C02_R06 middle corners only. Material, machining, finish, inspection and fastening require a fabrication quote. Not physically qualified.",running_gear_C03/steering_upright_right_C03_R05.step,d5e92536a0c04b85eb55e187b516d29750067db25677a96542e8e8ac73d15023,front_right_upright,steering_C03_R01,null,null,null,false,null,null,null,null,null
front_right_retainer_upper,front right retainer upper,original:housing_retainer_C03_R01,1,each,vehicle,original_fabrication,modeled_original_development,no_purchase_or_owned_hardware_evidence,true,null,null,null,unpriced,null,null,0.0698968629807323,Original CAD volume with assumed material density; no purchased envelopes counted,true,,"C03_R01 source ledger node. Four steering corners and two racks plus two C02_R06 middle corners only. Material, machining, finish, inspection and fastening require a fabrication quote. Not physically qualified.",running_gear_C03/housing_retainer_C03_R01.step,be6550a5d18a7b889c89857c6a24e3b772f0895b3873f0d33d787893b0c5f911,front_right_retainer_upper,steering_C03_R01,null,null,null,false,null,null,null,null,null
front_right_retainer_lower,front right retainer lower,original:housing_retainer_C03_R01,1,each,vehicle,original_fabrication,modeled_original_development,no_purchase_or_owned_hardware_evidence,true,null,null,null,unpriced,null,null,0.0698968629807323,Original CAD volume with assumed material density; no purchased envelopes counted,true,,"C03_R01 source ledger node. Four steering corners and two racks plus two C02_R06 middle corners only. Material, machining, finish, inspection and fastening require a fabrication quote. Not physically qualified.",running_gear_C03/housing_retainer_C03_R01.step,be6550a5d18a7b889c89857c6a24e3b772f0895b3873f0d33d787893b0c5f911,front_right_retainer_lower,steering_C03_R01,null,null,null,false,null,null,null,null,null
front_right_wheel_adapter,front right wheel adapter,original:wheel_adapter_C02_R02,1,each,vehicle,original_fabrication,modeled_original_development,no_purchase_or_owned_hardware_evidence,true,null,null,null,unpriced,null,null,6.462878281126787,Original CAD volume with assumed material density; no purchased envelopes counted,true,,"C03_R01 source ledger node. Four steering corners and two racks plus two C02_R06 middle corners only. Material, machining, finish, inspection and fastening require a fabrication quote. Not physically qualified.",running_gear_C02/wheel_adapter_C02_R02.step,5f91580e72dbd906703ff49a9479e58f269be05cba453f9f264943eb61a03b1f,front_right_wheel_adapter,steering_C03_R01,null,null,null,false,null,null,null,null,null
front_right_tie_tube_C03_R02,front right tie tube C03 R02,original:tie_tube_C03_R02,1,each,vehicle,original_fabrication,modeled_original_development,no_purchase_or_owned_hardware_evidence,true,null,null,null,unpriced,null,null,0.5941735879887438,Original CAD volume with assumed material density; no purchased envelopes counted,true,,"C03_R01 source ledger node. Four steering corners and two racks plus two C02_R06 middle corners only. Material, machining, finish, inspection and fastening require a fabrication quote. Not physically qualified.",running_gear_C03/tie_tube_C03_R02.step,114e98370766307f92b6be442668e39aa1fab8a237247660fd0ef7e0761b4110,front_right_tie_tube_C03_R02,steering_C03_R01,null,null,null,false,null,null,null,null,null
front_right_tie_insert_RH_C03_R02,front right tie insert RH C03 R02,original:tie_insert_RH_C03_R02,1,each,vehicle,original_fabrication,modeled_original_development,no_purchase_or_owned_hardware_evidence,true,null,null,null,unpriced,null,null,0.0668477379527237,Original CAD volume with assumed material density; no purchased envelopes counted,true,,"C03_R01 source ledger node. Four steering corners and two racks plus two C02_R06 middle corners only. Material, machining, finish, inspection and fastening require a fabrication quote. Not physically qualified.",running_gear_C03/tie_insert_RH_C03_R02.step,9346f07d276692b2d60985b9f3e3fcb690914b567017d4292359d54109c3bde5,front_right_tie_insert_RH_C03_R02,steering_C03_R01,null,null,null,false,null,null,null,null,null
front_right_tie_insert_LH_C03_R02,front right tie insert LH C03 R02,original:tie_insert_LH_C03_R02,1,each,vehicle,original_fabrication,modeled_original_development,no_purchase_or_owned_hardware_evidence,true,null,null,null,unpriced,null,null,0.06684773795272368,Original CAD volume with assumed material density; no purchased envelopes counted,true,,"C03_R01 source ledger node. Four steering corners and two racks plus two C02_R06 middle corners only. Material, machining, finish, inspection and fastening require a fabrication quote. Not physically qualified.",running_gear_C03/tie_insert_LH_C03_R02.step,f1b6f8436dbb0f0c148cc5565d8438a0dd950d59d75e6ed262ce52c4ae679f04,front_right_tie_insert_LH_C03_R02,steering_C03_R01,null,null,null,false,null,null,null,null,null
front_right_inner_tie_pin,front right inner tie pin,original:tie_clevis_pin_C03_R01,1,each,vehicle,original_fabrication,modeled_original_development,no_purchase_or_owned_hardware_evidence,true,null,null,null,unpriced,null,null,0.14257134237654337,Original CAD volume with assumed material density; no purchased envelopes counted,true,,"C03_R01 source ledger node. Four steering corners and two racks plus two C02_R06 middle corners only. Material, machining, finish, inspection and fastening require a fabrication quote. Not physically qualified.",running_gear_C03/tie_clevis_pin_C03_R01.step,5de61d920b6e33dded533be78777ef4da4c079d3ba88dcb4dbc40694b24818bb,front_right_inner_tie_pin,steering_C03_R01,null,null,null,false,null,null,null,null,null
front_right_outer_tie_pin,front right outer tie pin,original:tie_clevis_pin_C03_R01,1,each,vehicle,original_fabrication,modeled_original_development,no_purchase_or_owned_hardware_evidence,true,null,null,null,unpriced,null,null,0.14257134237654365,Original CAD volume with assumed material density; no purchased envelopes counted,true,,"C03_R01 source ledger node. Four steering corners and two racks plus two C02_R06 middle corners only. Material, machining, finish, inspection and fastening require a fabrication quote. Not physically qualified.",running_gear_C03/tie_clevis_pin_C03_R01.step,5de61d920b6e33dded533be78777ef4da4c079d3ba88dcb4dbc40694b24818bb,front_right_outer_tie_pin,steering_C03_R01,null,null,null,false,null,null,null,null,null
front_left_clamp,front left clamp,original:stationary_clamp_front_left_C03_R03,1,each,vehicle,original_fabrication,modeled_original_development,no_purchase_or_owned_hardware_evidence,true,null,null,null,unpriced,null,null,17.71039370675774,Original CAD volume with assumed material density; no purchased envelopes counted,true,,"C03_R01 source ledger node. Four steering corners and two racks plus two C02_R06 middle corners only. Material, machining, finish, inspection and fastening require a fabrication quote. Not physically qualified.",running_gear_C03/stationary_clamp_front_left_C03_R03.step,4a2cf4b57f1e1ee32a47bd45d383487d1414a7d14280b256a60e42514ec62fa5,front_left_clamp,steering_C03_R01,null,null,null,false,null,null,null,null,null
front_left_inner_backing_C02_R01,front left inner backing C02 R01,original:inner_backing_C02_R01,1,each,vehicle,original_fabrication,modeled_original_development,no_purchase_or_owned_hardware_evidence,true,null,null,null,unpriced,null,null,2.3991864732733807,Original CAD volume with assumed material density; no purchased envelopes counted,true,,"C03_R01 source ledger node. Four steering corners and two racks plus two C02_R06 middle corners only. Material, machining, finish, inspection and fastening require a fabrication quote. Not physically qualified.",running_gear_C02/inner_backing_C02_R01.step,c735a886ec4bc576074a887053ee3f928866e8b8e1193fe271c754b624bcff09,front_left_inner_backing_C02_R01,steering_C03_R01,null,null,null,false,null,null,null,null,null
front_left_stationary_hardware_C02_R01,front left stationary hardware C02 R01,original:stationary_hardware_C02_R01,1,each,vehicle,original_fabrication,modeled_original_development,no_purchase_or_owned_hardware_evidence,true,null,null,null,unpriced,null,null,2.0619870399905205,Original CAD volume with assumed material density; no purchased envelopes counted,true,,"C03_R01 source ledger node. Four steering corners and two racks plus two C02_R06 middle corners only. Material, machining, finish, inspection and fastening require a fabrication quote. Not physically qualified.",running_gear_C02/stationary_hardware_C02_R01.step,e357a7e909bdff4ba8591b7a77e3e8759d3b62ccad917cf15ea5dc6503386d6f,front_left_stationary_hardware_C02_R01,steering_C03_R01,null,null,null,false,null,null,null,null,null
front_left_upper_wishbone_C03_R02,front left upper wishbone C03 R02,original:upper_wishbone_C03_R02,1,each,vehicle,original_fabrication,modeled_original_development,no_purchase_or_owned_hardware_evidence,true,null,null,null,unpriced,null,null,3.0688774124917466,Original CAD volume with assumed material density; no purchased envelopes counted,true,,"C03_R01 source ledger node. Four steering corners and two racks plus two C02_R06 middle corners only. Material, machining, finish, inspection and fastening require a fabrication quote. Not physically qualified.",running_gear_C03/upper_wishbone_C03_R02.step,1b2a6b989f80b57188c46fb8a258ca479abf1d7dd586df782fb849ef37ae825c,front_left_upper_wishbone_C03_R02,steering_C03_R01,null,null,null,false,null,null,null,null,null
front_left_lower_wishbone_C03_R03,front left lower wishbone C03 R03,original:lower_wishbone_C03_R03,1,each,vehicle,original_fabrication,modeled_original_development,no_purchase_or_owned_hardware_evidence,true,null,null,null,unpriced,null,null,3.5756271765955314,Original CAD volume with assumed material density; no purchased envelopes counted,true,,"C03_R01 source ledger node. Four steering corners and two racks plus two C02_R06 middle corners only. Material, machining, finish, inspection and fastening require a fabrication quote. Not physically qualified.",running_gear_C03/lower_wishbone_C03_R03.step,96de911a6e53c7cb4b47e43dc58a1d56bd7efe42de5d20dbecfeb6947f4ae3d6,front_left_lower_wishbone_C03_R03,steering_C03_R01,null,null,null,false,null,null,null,null,null
front_left_outer_pins_left_C03_R01,front left outer pins left C03 R01,original:outer_pins_left_C03_R01,1,each,vehicle,original_fabrication,modeled_original_development,no_purchase_or_owned_hardware_evidence,true,null,null,null,unpriced,null,null,0.5030929669493842,Original CAD volume with assumed material density; no purchased envelopes counted,true,,"C03_R01 source ledger node. Four steering corners and two racks plus two C02_R06 middle corners only. Material, machining, finish, inspection and fastening require a fabrication quote. Not physically qualified.",running_gear_C03/outer_pins_left_C03_R01.step,b67a8b24e6254c207443617a949d7189d325f83d3ac6c9abdf801972667640d5,front_left_outer_pins_left_C03_R01,steering_C03_R01,null,null,null,false,null,null,null,null,null
front_left_upright,front left upright,original:steering_upright_left_C03_R05,1,each,vehicle,original_fabrication,modeled_original_development,no_purchase_or_owned_hardware_evidence,true,null,null,null,unpriced,null,null,9.189729288281356,Original CAD volume with assumed material density; no purchased envelopes counted,true,,"C03_R01 source ledger node. Four steering corners and two racks plus two C02_R06 middle corners only. Material, machining, finish, inspection and fastening require a fabrication quote. Not physically qualified.",running_gear_C03/steering_upright_left_C03_R05.step,98a971f13dc85d9ea67025a9d8d12f541da0078b149e759d4f1e30fc8a44d8ce,front_left_upright,steering_C03_R01,null,null,null,false,null,null,null,null,null
front_left_retainer_upper,front left retainer upper,original:housing_retainer_C03_R01,1,each,vehicle,original_fabrication,modeled_original_development,no_purchase_or_owned_hardware_evidence,true,null,null,null,unpriced,null,null,0.06989686298073233,Original CAD volume with assumed material density; no purchased envelopes counted,true,,"C03_R01 source ledger node. Four steering corners and two racks plus two C02_R06 middle corners only. Material, machining, finish, inspection and fastening require a fabrication quote. Not physically qualified.",running_gear_C03/housing_retainer_C03_R01.step,be6550a5d18a7b889c89857c6a24e3b772f0895b3873f0d33d787893b0c5f911,front_left_retainer_upper,steering_C03_R01,null,null,null,false,null,null,null,null,null
front_left_retainer_lower,front left retainer lower,original:housing_retainer_C03_R01,1,each,vehicle,original_fabrication,modeled_original_development,no_purchase_or_owned_hardware_evidence,true,null,null,null,unpriced,null,null,0.06989686298073232,Original CAD volume with assumed material density; no purchased envelopes counted,true,,"C03_R01 source ledger node. Four steering corners and two racks plus two C02_R06 middle corners only. Material, machining, finish, inspection and fastening require a fabrication quote. Not physically qualified.",running_gear_C03/housing_retainer_C03_R01.step,be6550a5d18a7b889c89857c6a24e3b772f0895b3873f0d33d787893b0c5f911,front_left_retainer_lower,steering_C03_R01,null,null,null,false,null,null,null,null,null
front_left_wheel_adapter,front left wheel adapter,original:wheel_adapter_C02_R02,1,each,vehicle,original_fabrication,modeled_original_development,no_purchase_or_owned_hardware_evidence,true,null,null,null,unpriced,null,null,6.462878281126789,Original CAD volume with assumed material density; no purchased envelopes counted,true,,"C03_R01 source ledger node. Four steering corners and two racks plus two C02_R06 middle corners only. Material, machining, finish, inspection and fastening require a fabrication quote. Not physically qualified.",running_gear_C02/wheel_adapter_C02_R02.step,5f91580e72dbd906703ff49a9479e58f269be05cba453f9f264943eb61a03b1f,front_left_wheel_adapter,steering_C03_R01,null,null,null,false,null,null,null,null,null
front_left_tie_tube_C03_R02,front left tie tube C03 R02,original:tie_tube_C03_R02,1,each,vehicle,original_fabrication,modeled_original_development,no_purchase_or_owned_hardware_evidence,true,null,null,null,unpriced,null,null,0.5941735879887438,Original CAD volume with assumed material density; no purchased envelopes counted,true,,"C03_R01 source ledger node. Four steering corners and two racks plus two C02_R06 middle corners only. Material, machining, finish, inspection and fastening require a fabrication quote. Not physically qualified.",running_gear_C03/tie_tube_C03_R02.step,114e98370766307f92b6be442668e39aa1fab8a237247660fd0ef7e0761b4110,front_left_tie_tube_C03_R02,steering_C03_R01,null,null,null,false,null,null,null,null,null
front_left_tie_insert_RH_C03_R02,front left tie insert RH C03 R02,original:tie_insert_RH_C03_R02,1,each,vehicle,original_fabrication,modeled_original_development,no_purchase_or_owned_hardware_evidence,true,null,null,null,unpriced,null,null,0.06684773795272361,Original CAD volume with assumed material density; no purchased envelopes counted,true,,"C03_R01 source ledger node. Four steering corners and two racks plus two C02_R06 middle corners only. Material, machining, finish, inspection and fastening require a fabrication quote. Not physically qualified.",running_gear_C03/tie_insert_RH_C03_R02.step,9346f07d276692b2d60985b9f3e3fcb690914b567017d4292359d54109c3bde5,front_left_tie_insert_RH_C03_R02,steering_C03_R01,null,null,null,false,null,null,null,null,null
front_left_tie_insert_LH_C03_R02,front left tie insert LH C03 R02,original:tie_insert_LH_C03_R02,1,each,vehicle,original_fabrication,modeled_original_development,no_purchase_or_owned_hardware_evidence,true,null,null,null,unpriced,null,null,0.06684773795272371,Original CAD volume with assumed material density; no purchased envelopes counted,true,,"C03_R01 source ledger node. Four steering corners and two racks plus two C02_R06 middle corners only. Material, machining, finish, inspection and fastening require a fabrication quote. Not physically qualified.",running_gear_C03/tie_insert_LH_C03_R02.step,f1b6f8436dbb0f0c148cc5565d8438a0dd950d59d75e6ed262ce52c4ae679f04,front_left_tie_insert_LH_C03_R02,steering_C03_R01,null,null,null,false,null,null,null,null,null
front_left_inner_tie_pin,front left inner tie pin,original:tie_clevis_pin_C03_R01,1,each,vehicle,original_fabrication,modeled_original_development,no_purchase_or_owned_hardware_evidence,true,null,null,null,unpriced,null,null,0.14257134237654343,Original CAD volume with assumed material density; no purchased envelopes counted,true,,"C03_R01 source ledger node. Four steering corners and two racks plus two C02_R06 middle corners only. Material, machining, finish, inspection and fastening require a fabrication quote. Not physically qualified.",running_gear_C03/tie_clevis_pin_C03_R01.step,5de61d920b6e33dded533be78777ef4da4c079d3ba88dcb4dbc40694b24818bb,front_left_inner_tie_pin,steering_C03_R01,null,null,null,false,null,null,null,null,null
front_left_outer_tie_pin,front left outer tie pin,original:tie_clevis_pin_C03_R01,1,each,vehicle,original_fabrication,modeled_original_development,no_purchase_or_owned_hardware_evidence,true,null,null,null,unpriced,null,null,0.14257134237654362,Original CAD volume with assumed material density; no purchased envelopes counted,true,,"C03_R01 source ledger node. Four steering corners and two racks plus two C02_R06 middle corners only. Material, machining, finish, inspection and fastening require a fabrication quote. Not physically qualified.",running_gear_C03/tie_clevis_pin_C03_R01.step,5de61d920b6e33dded533be78777ef4da4c079d3ba88dcb4dbc40694b24818bb,front_left_outer_tie_pin,steering_C03_R01,null,null,null,false,null,null,null,null,null
rear_rack_guide_C03_R11,rear rack guide C03 R11,original:rack_guide_C03_R11,1,each,vehicle,original_fabrication,modeled_original_development,no_purchase_or_owned_hardware_evidence,true,null,null,null,unpriced,null,null,6.970799999999997,Original CAD volume with assumed material density; no purchased envelopes counted,true,,"C03_R01 source ledger node. Four steering corners and two racks plus two C02_R06 middle corners only. Material, machining, finish, inspection and fastening require a fabrication quote. Not physically qualified.",running_gear_C03/rack_guide_C03_R11.step,d339047aec152c6275d5477bfcb5f1b2b6e1b25855b9e8832eef240d01fffbfd,rear_rack_guide_C03_R11,steering_C03_R01,null,null,null,false,null,null,null,null,null
rear_guide_liner_-1_C03_R11,rear guide liner -1 C03 R11,original:guide_liner_-1_C03_R11,1,each,vehicle,original_fabrication,modeled_original_development,no_purchase_or_owned_hardware_evidence,true,null,null,null,unpriced,null,null,0.03824625,Original CAD volume with assumed material density; no purchased envelopes counted,true,,"C03_R01 source ledger node. Four steering corners and two racks plus two C02_R06 middle corners only. Material, machining, finish, inspection and fastening require a fabrication quote. Not physically qualified.",running_gear_C03/guide_liner_-1_C03_R11.step,71d2057081e508bcc4c20395bc8e05fe58672ae4f31132708400aca203360316,rear_guide_liner_-1_C03_R11,steering_C03_R01,null,null,null,false,null,null,null,null,null
rear_guide_liner_1_C03_R11,rear guide liner 1 C03 R11,original:guide_liner_1_C03_R11,1,each,vehicle,original_fabrication,modeled_original_development,no_purchase_or_owned_hardware_evidence,true,null,null,null,unpriced,null,null,0.03824625,Original CAD volume with assumed material density; no purchased envelopes counted,true,,"C03_R01 source ledger node. Four steering corners and two racks plus two C02_R06 middle corners only. Material, machining, finish, inspection and fastening require a fabrication quote. Not physically qualified.",running_gear_C03/guide_liner_1_C03_R11.step,52c9fa2fe2d395a60f83322110bc94921bbfe64d48fbda8777245083f1c743c5,rear_guide_liner_1_C03_R11,steering_C03_R01,null,null,null,false,null,null,null,null,null
rear_actuator_rear_pin_C03_R11,rear actuator rear pin C03 R11,original:actuator_rear_pin_C03_R11,1,each,vehicle,original_fabrication,modeled_original_development,no_purchase_or_owned_hardware_evidence,true,null,null,null,unpriced,null,null,0.06743817954320265,Original CAD volume with assumed material density; no purchased envelopes counted,true,,"C03_R01 source ledger node. Four steering corners and two racks plus two C02_R06 middle corners only. Material, machining, finish, inspection and fastening require a fabrication quote. Not physically qualified.",running_gear_C03/actuator_rear_pin_C03_R11.step,6b22c55adde46ed2680df7085e0dffe13b5e1e02006a5294e1e65853a1bfbd4c,rear_actuator_rear_pin_C03_R11,steering_C03_R01,null,null,null,false,null,null,null,null,null
rear_actuator_front_pin_C03_R11,rear actuator front pin C03 R11,original:actuator_front_pin_C03_R11,1,each,vehicle,original_fabrication,modeled_original_development,no_purchase_or_owned_hardware_evidence,true,null,null,null,unpriced,null,null,0.06743817954321525,Original CAD volume with assumed material density; no purchased envelopes counted,true,,"C03_R01 source ledger node. Four steering corners and two racks plus two C02_R06 middle corners only. Material, machining, finish, inspection and fastening require a fabrication quote. Not physically qualified.",running_gear_C03/actuator_front_pin_C03_R11.step,5148c694a806110cb1c8fe72fe90839669e2b10bcaa77ad80856c104c0fdf904,rear_actuator_front_pin_C03_R11,steering_C03_R01,null,null,null,false,null,null,null,null,null
rear_rack_crossbeam_C03_R11,rear rack crossbeam C03 R11,original:rack_crossbeam_C03_R11,1,each,vehicle,original_fabrication,modeled_original_development,no_purchase_or_owned_hardware_evidence,true,null,null,null,unpriced,null,null,11.980767049304413,Original CAD volume with assumed material density; no purchased envelopes counted,true,,"C03_R01 source ledger node. Four steering corners and two racks plus two C02_R06 middle corners only. Material, machining, finish, inspection and fastening require a fabrication quote. Not physically qualified.",running_gear_C03/rack_crossbeam_C03_R11.step,0bba7a20fbc3259788ba6f1c7146c7a7a39dc3dae6dcebaec495b98485c89a4e,rear_rack_crossbeam_C03_R11,steering_C03_R01,null,null,null,false,null,null,null,null,null
rear_rack_carriage_C03_R11,rear rack carriage C03 R11,original:rack_carriage_C03_R11,1,each,vehicle,original_fabrication,modeled_original_development,no_purchase_or_owned_hardware_evidence,true,null,null,null,unpriced,null,null,7.301668252212658,Original CAD volume with assumed material density; no purchased envelopes counted,true,,"C03_R01 source ledger node. Four steering corners and two racks plus two C02_R06 middle corners only. Material, machining, finish, inspection and fastening require a fabrication quote. Not physically qualified.",running_gear_C03/rack_carriage_C03_R11.step,b9210c0e4af137bcf7ec77eeeb5942fe8c06db223492e0fcea46366cc55d745c,rear_rack_carriage_C03_R11,steering_C03_R01,null,null,null,false,null,null,null,null,null
rear_rack_fasteners,rear rack fasteners,original:rack_mount_hardware_C03_R03,1,each,vehicle,original_fabrication,modeled_original_development,no_purchase_or_owned_hardware_evidence,true,null,null,null,unpriced,null,null,0.388706593634882,Original CAD volume with assumed material density; no purchased envelopes counted,true,,"C03_R01 source ledger node. Four steering corners and two racks plus two C02_R06 middle corners only. Material, machining, finish, inspection and fastening require a fabrication quote. Not physically qualified.",running_gear_C03/rack_mount_hardware_C03_R03.step,d0ea30be67428bb3bba7d0da283fc02bdae8c01a2ff4b5799fde816aa5d58957,rear_rack_fasteners,steering_C03_R01,null,null,null,false,null,null,null,null,null
front_rack_guide_C03_R11,front rack guide C03 R11,original:rack_guide_C03_R11,1,each,vehicle,original_fabrication,modeled_original_development,no_purchase_or_owned_hardware_evidence,true,null,null,null,unpriced,null,null,6.970799999999997,Original CAD volume with assumed material density; no purchased envelopes counted,true,,"C03_R01 source ledger node. Four steering corners and two racks plus two C02_R06 middle corners only. Material, machining, finish, inspection and fastening require a fabrication quote. Not physically qualified.",running_gear_C03/rack_guide_C03_R11.step,d339047aec152c6275d5477bfcb5f1b2b6e1b25855b9e8832eef240d01fffbfd,front_rack_guide_C03_R11,steering_C03_R01,null,null,null,false,null,null,null,null,null
front_guide_liner_-1_C03_R11,front guide liner -1 C03 R11,original:guide_liner_-1_C03_R11,1,each,vehicle,original_fabrication,modeled_original_development,no_purchase_or_owned_hardware_evidence,true,null,null,null,unpriced,null,null,0.03824625,Original CAD volume with assumed material density; no purchased envelopes counted,true,,"C03_R01 source ledger node. Four steering corners and two racks plus two C02_R06 middle corners only. Material, machining, finish, inspection and fastening require a fabrication quote. Not physically qualified.",running_gear_C03/guide_liner_-1_C03_R11.step,71d2057081e508bcc4c20395bc8e05fe58672ae4f31132708400aca203360316,front_guide_liner_-1_C03_R11,steering_C03_R01,null,null,null,false,null,null,null,null,null
front_guide_liner_1_C03_R11,front guide liner 1 C03 R11,original:guide_liner_1_C03_R11,1,each,vehicle,original_fabrication,modeled_original_development,no_purchase_or_owned_hardware_evidence,true,null,null,null,unpriced,null,null,0.03824625,Original CAD volume with assumed material density; no purchased envelopes counted,true,,"C03_R01 source ledger node. Four steering corners and two racks plus two C02_R06 middle corners only. Material, machining, finish, inspection and fastening require a fabrication quote. Not physically qualified.",running_gear_C03/guide_liner_1_C03_R11.step,52c9fa2fe2d395a60f83322110bc94921bbfe64d48fbda8777245083f1c743c5,front_guide_liner_1_C03_R11,steering_C03_R01,null,null,null,false,null,null,null,null,null
front_actuator_rear_pin_C03_R11,front actuator rear pin C03 R11,original:actuator_rear_pin_C03_R11,1,each,vehicle,original_fabrication,modeled_original_development,no_purchase_or_owned_hardware_evidence,true,null,null,null,unpriced,null,null,0.06743817954320265,Original CAD volume with assumed material density; no purchased envelopes counted,true,,"C03_R01 source ledger node. Four steering corners and two racks plus two C02_R06 middle corners only. Material, machining, finish, inspection and fastening require a fabrication quote. Not physically qualified.",running_gear_C03/actuator_rear_pin_C03_R11.step,6b22c55adde46ed2680df7085e0dffe13b5e1e02006a5294e1e65853a1bfbd4c,front_actuator_rear_pin_C03_R11,steering_C03_R01,null,null,null,false,null,null,null,null,null
front_actuator_front_pin_C03_R11,front actuator front pin C03 R11,original:actuator_front_pin_C03_R11,1,each,vehicle,original_fabrication,modeled_original_development,no_purchase_or_owned_hardware_evidence,true,null,null,null,unpriced,null,null,0.06743817954321525,Original CAD volume with assumed material density; no purchased envelopes counted,true,,"C03_R01 source ledger node. Four steering corners and two racks plus two C02_R06 middle corners only. Material, machining, finish, inspection and fastening require a fabrication quote. Not physically qualified.",running_gear_C03/actuator_front_pin_C03_R11.step,5148c694a806110cb1c8fe72fe90839669e2b10bcaa77ad80856c104c0fdf904,front_actuator_front_pin_C03_R11,steering_C03_R01,null,null,null,false,null,null,null,null,null
front_rack_crossbeam_C03_R11,front rack crossbeam C03 R11,original:rack_crossbeam_C03_R11,1,each,vehicle,original_fabrication,modeled_original_development,no_purchase_or_owned_hardware_evidence,true,null,null,null,unpriced,null,null,11.980767049304413,Original CAD volume with assumed material density; no purchased envelopes counted,true,,"C03_R01 source ledger node. Four steering corners and two racks plus two C02_R06 middle corners only. Material, machining, finish, inspection and fastening require a fabrication quote. Not physically qualified.",running_gear_C03/rack_crossbeam_C03_R11.step,0bba7a20fbc3259788ba6f1c7146c7a7a39dc3dae6dcebaec495b98485c89a4e,front_rack_crossbeam_C03_R11,steering_C03_R01,null,null,null,false,null,null,null,null,null
front_rack_carriage_C03_R11,front rack carriage C03 R11,original:rack_carriage_C03_R11,1,each,vehicle,original_fabrication,modeled_original_development,no_purchase_or_owned_hardware_evidence,true,null,null,null,unpriced,null,null,7.301668252212658,Original CAD volume with assumed material density; no purchased envelopes counted,true,,"C03_R01 source ledger node. Four steering corners and two racks plus two C02_R06 middle corners only. Material, machining, finish, inspection and fastening require a fabrication quote. Not physically qualified.",running_gear_C03/rack_carriage_C03_R11.step,b9210c0e4af137bcf7ec77eeeb5942fe8c06db223492e0fcea46366cc55d745c,front_rack_carriage_C03_R11,steering_C03_R01,null,null,null,false,null,null,null,null,null
front_rack_fasteners,front rack fasteners,original:rack_mount_hardware_C03_R03,1,each,vehicle,original_fabrication,modeled_original_development,no_purchase_or_owned_hardware_evidence,true,null,null,null,unpriced,null,null,0.388706593634882,Original CAD volume with assumed material density; no purchased envelopes counted,true,,"C03_R01 source ledger node. Four steering corners and two racks plus two C02_R06 middle corners only. Material, machining, finish, inspection and fastening require a fabrication quote. Not physically qualified.",running_gear_C03/rack_mount_hardware_C03_R03.step,d0ea30be67428bb3bba7d0da283fc02bdae8c01a2ff4b5799fde816aa5d58957,front_rack_fasteners,steering_C03_R01,null,null,null,false,null,null,null,null,null
two_middle_stationary_clamp_C02_R01,two middle stationary clamp C02 R01,original:stationary_clamp_C02_R01,2,each,vehicle,original_fabrication,modeled_original_development,no_purchase_or_owned_hardware_evidence,true,null,null,null,unpriced,null,null,17.746202208141767,CADvolume×assumedsteel7850,true,,"C03_R01 source ledger node. Four steering corners and two racks plus two C02_R06 middle corners only. Material, machining, finish, inspection and fastening require a fabrication quote. Not physically qualified.",running_gear_C02/stationary_clamp_C02_R01.step,4966ddd60458e28ce31150ebe015c6103796916f45f3039680978f3c96dd62ec,two_middle_stationary_clamp_C02_R01,middle_C02_R06,null,null,null,false,null,null,null,null,null
two_middle_inner_backing_C02_R01,two middle inner backing C02 R01,original:inner_backing_C02_R01,2,each,vehicle,original_fabrication,modeled_original_development,no_purchase_or_owned_hardware_evidence,true,null,null,null,unpriced,null,null,2.3991864732733807,CADvolume×assumedsteel7850,true,,"C03_R01 source ledger node. Four steering corners and two racks plus two C02_R06 middle corners only. Material, machining, finish, inspection and fastening require a fabrication quote. Not physically qualified.",running_gear_C02/inner_backing_C02_R01.step,c735a886ec4bc576074a887053ee3f928866e8b8e1193fe271c754b624bcff09,two_middle_inner_backing_C02_R01,middle_C02_R06,null,null,null,false,null,null,null,null,null
two_middle_upper_wishbone_C02_R02,two middle upper wishbone C02 R02,original:upper_wishbone_C02_R02,2,each,vehicle,original_fabrication,modeled_original_development,no_purchase_or_owned_hardware_evidence,true,null,null,null,unpriced,null,null,3.3050465839693355,CADvolume×assumedsteel7850,true,,"C03_R01 source ledger node. Four steering corners and two racks plus two C02_R06 middle corners only. Material, machining, finish, inspection and fastening require a fabrication quote. Not physically qualified.",running_gear_C02/upper_wishbone_C02_R02.step,0fc7fcf8957847f143a3e0b55314df7bac19835ea2d4a494f0544199a5dc2664,two_middle_upper_wishbone_C02_R02,middle_C02_R06,null,null,null,false,null,null,null,null,null
two_middle_lower_wishbone_C02_R02,two middle lower wishbone C02 R02,original:lower_wishbone_C02_R02,2,each,vehicle,original_fabrication,modeled_original_development,no_purchase_or_owned_hardware_evidence,true,null,null,null,unpriced,null,null,3.72632257275236,CADvolume×assumedsteel7850,true,,"C03_R01 source ledger node. Four steering corners and two racks plus two C02_R06 middle corners only. Material, machining, finish, inspection and fastening require a fabrication quote. Not physically qualified.",running_gear_C02/lower_wishbone_C02_R02.step,9c2d92ca7ee0e0d6ab6449fe19155cc5eb3194da1bb590a56acf7182970d7dd1,two_middle_lower_wishbone_C02_R02,middle_C02_R06,null,null,null,false,null,null,null,null,null
two_middle_upright_WD220_C02_R05,two middle upright WD220 C02 R05,original:upright_WD220_C02_R05,2,each,vehicle,original_fabrication,modeled_original_development,no_purchase_or_owned_hardware_evidence,true,null,null,null,unpriced,null,null,8.853733428185155,CADvolume×assumedsteel7850,true,,"C03_R01 source ledger node. Four steering corners and two racks plus two C02_R06 middle corners only. Material, machining, finish, inspection and fastening require a fabrication quote. Not physically qualified.",running_gear_C02/upright_WD220_C02_R05.step,6d65bd9444440aac46f6a63c033ebfff087ec0a8839273b2be3e459482cbbf1a,two_middle_upright_WD220_C02_R05,middle_C02_R06,null,null,null,false,null,null,null,null,null
two_middle_wheel_adapter_C02_R02,two middle wheel adapter C02 R02,original:wheel_adapter_C02_R02,2,each,vehicle,original_fabrication,modeled_original_development,no_purchase_or_owned_hardware_evidence,true,null,null,null,unpriced,null,null,6.462878281126489,CADvolume×assumedsteel7850,true,,"C03_R01 source ledger node. Four steering corners and two racks plus two C02_R06 middle corners only. Material, machining, finish, inspection and fastening require a fabrication quote. Not physically qualified.",running_gear_C02/wheel_adapter_C02_R02.step,5f91580e72dbd906703ff49a9479e58f269be05cba453f9f264943eb61a03b1f,two_middle_wheel_adapter_C02_R02,middle_C02_R06,null,null,null,false,null,null,null,null,null
two_middle_stationary_hardware_C02_R01,two middle stationary hardware C02 R01,original:stationary_hardware_C02_R01,2,each,vehicle,original_fabrication,modeled_original_development,no_purchase_or_owned_hardware_evidence,true,null,null,null,unpriced,null,null,2.061987056223305,CADvolume×assumedsteel7850,true,,"C03_R01 source ledger node. Four steering corners and two racks plus two C02_R06 middle corners only. Material, machining, finish, inspection and fastening require a fabrication quote. Not physically qualified.",running_gear_C02/stationary_hardware_C02_R01.step,e357a7e909bdff4ba8591b7a77e3e8759d3b62ccad917cf15ea5dc6503386d6f,two_middle_stationary_hardware_C02_R01,middle_C02_R06,null,null,null,false,null,null,null,null,null
two_middle_upright_pins_C02_R02,two middle upright pins C02 R02,original:upright_pins_C02_R02,2,each,vehicle,original_fabrication,modeled_original_development,no_purchase_or_owned_hardware_evidence,true,null,null,null,unpriced,null,null,0.7859325157247677,CADvolume×assumedsteel7850,true,,"C03_R01 source ledger node. Four steering corners and two racks plus two C02_R06 middle corners only. Material, machining, finish, inspection and fastening require a fabrication quote. Not physically qualified.",running_gear_C02/upright_pins_C02_R02.step,68261ecda080aba0dc598cdfbe9a054fa6e29ed35716974e9d2e4d15a2cf0b62,two_middle_upright_pins_C02_R02,middle_C02_R06,null,null,null,false,null,null,null,null,null
upper_bearing_envelopes_C02_R02,upper bearing envelopes C02 R02,reference:upper_bearing_envelopes_C02_R02,2,each,reference_only,reference_geometry,reference_envelope,no_purchase_or_owned_hardware_evidence,false,null,null,null,unpriced,null,null,null,unknown,false,,Two middle-corner reference envelopes only. No purchased mass or independent bearing cost. GE20ES row already includes root and middle bearing candidates.,null,a87979599e47a826616fe1831376e516b61194b17547510f6c526414f218b4bf,null,null,null,null,null,false,null,null,null,null,null
lower_bearing_envelopes_C02_R02,lower bearing envelopes C02 R02,reference:lower_bearing_envelopes_C02_R02,2,each,reference_only,reference_geometry,reference_envelope,no_purchase_or_owned_hardware_evidence,false,null,null,null,unpriced,null,null,null,unknown,false,,Two middle-corner reference envelopes only. No purchased mass or independent bearing cost. GE20ES row already includes root and middle bearing candidates.,null,29eeaacc6bdacd53f81264bfb88cc172b63669ec1394bbf31b98e23d6d2cec1d,null,null,null,null,null,false,null,null,null,null,null
tires,BFGoodrich Mud-Terrain T/A KM3 35x12.50R18/E123Q,72204,6,each,vehicle,purchased_part,baseline_candidate,no_purchase_or_owned_hardware_evidence,true,486.99,USD,2921.94,public_reference_not_quote,tire_price,null,null,unknown,false,tire_price|tire_specs,"Exact size/SKU reference; not OEM CAD.876.3 mm catalog diameter on10in measuring rim; actual size on8.5in rim unverified. Mount/balance, valves, tax and six-tire freight unpriced.",null,null,null,null,null,null,null,false,2026-10-09,https://www.vividracing.com/bfgoodrich-mudterrain-km3-35x1250r18-p-152504463.html,Page says in stock; six-unit allocation not verified,not established,"10USD promotional page amount; quantity/destination applicability unknown, not included"
rims,EVO Corse DakarZero 18x8.5 ET18 + required five-nut road kit,SE5240060141 + CM0750180040-5,6,each,vehicle,purchased_part,baseline_candidate,no_purchase_or_owned_hardware_evidence,true,481.89,EUR,2891.34,public_reference_not_quote,rim_price,null,15.1,exact_SKU_manufacturer_net_mass; units verified by product JavaScript,true,rim_price|rim_net_mass,"5x165.1, CB114.1, flat-seat. Price includes VAT and five-nut kit each. Stock and destination tax/freight unresolved. Exact-SKU manufacturer net rim mass is 15.1 kg each (90.6 kg for six), excluding nuts; do not use base-SKU, unit/package or gross mass.",null,null,null,null,null,"rim only, excludes nut kit",null,false,2026-10-09,https://shop.evocorse.com/en/catalog/catalog_item/dakarzero-85x18-se5240060141.aspx?k=cm0752170010-5,conflicting cached stock statements; unconfirmed,VAT included; rate and destination treatment unconfirmed,not established
wheel_nuts,EVO flat-seat M16x1.5 nuts,CM0750180040,30,each,vehicle,purchased_part,baseline_candidate,no_purchase_or_owned_hardware_evidence,true,null,null,null,included_in_bundle_no_separate_allocation,null,rims,null,unknown,false,wheel_nuts|rim_price,Thirty nuts included in six priced rim bundles; no independently allocated unit cost.The displayed weight212 has no units while Product JSON-LD states0.217 kg; reconcile manufacturer fields before assigning nut mass. It remains unknown and excluded from the pinned model subtotal. Stud thread/engagement remain unqualified.,null,null,null,null,null,null,null,false,null,null,null,null,null
drives,e-comer WD220 drive with EM brake and5studs,WD220-SMAC132-050-48V-EMB-5STUDS,6,each,vehicle,purchased_part,baseline_candidate,no_purchase_or_owned_hardware_evidence,true,null,null,null,unpriced,null,null,null,unknown,false,drive_reference,"2.2 kW S2-60min, not continuous.47A is a motor rating, not verifiedDC-bus input. Exact mass and price unknown; do not use four-bolt3 kW price.",null,null,null,null,null,null,null,false,null,null,null,null,null
batteries,RELiON InSight non-LT battery,48V030-GC2,4,each,vehicle,purchased_part,baseline_candidate,no_purchase_or_owned_hardware_evidence,true,1349.99,USD,5399.96,public_reference_not_quote,battery_price,null,15.6,source_snapshot_or_catalogue_not_weighed,true,battery_price|battery_specs|battery_recall,Proposed parallel bank:6.144 kWh nominal. Price listing is out of stock. Serial-specific recall clearance required before purchase/use; no battery serials are known. Not the -LT model.,null,null,null,null,null,null,null,false,2026-10-09,https://www.westmarine.com/relion-48v030-gc2-lithium-iron-phosphate-deep-cycle-battery-48v-30ah-20659967.html,out of stock in retrieved product page,not established,not established
arms,Universal Robots UR20 arm,UR20 exact arm-only ordering SKU unresolved,2,each,vehicle,purchased_part,baseline_candidate,no_purchase_or_owned_hardware_evidence,true,null,null,null,unpriced,null,null,64,source_snapshot_or_catalogue_not_weighed,true,ur20_quote|ur20_bundles,"Purchased-part requirement with unknown price; no evidence of an actual purchase. Exact revision, software, cables, pendant and OEM DC package scope require quote. Controller-inclusive package must replace, not duplicate, the two controller rows.",null,null,null,null,null,null,null,false,null,null,null,null,null
arm_controllers,Universal Robots OEM DC controller,exact CB revision unresolved,2,each,vehicle,purchased_part,baseline_candidate,no_purchase_or_owned_hardware_evidence,true,null,null,null,unpriced,null,null,4.3,source_snapshot_or_catalogue_not_weighed,true,oem_dc_specs|oem_dc_candidate_price|ur20_bundles,Two dimensional reservations.200143 CB5.5 price is shown only as a separate candidate reference because controller revision and package inclusion are unresolved.,null,null,null,null,null,null,null,false,null,null,null,null,null
grippers,Robotiq 2F-85 basic gripper,AGC-GRP-2F85,2,each,vehicle,purchased_part,baseline_candidate,no_purchase_or_owned_hardware_evidence,true,5205,USD,10410.0,public_reference_not_quote,gripper_price,null,null,unknown,false,gripper_price,"Manufacturer source ordering text and seller disagree on fingertip inclusion; confirm exact kit. Coupling, cable/interface and any additional fingertips are separately tracked. No gripper mass accepted into pinned subtotal.",null,null,null,null,null,null,null,false,2026-10-09,https://www.logic-control.com/robotiq-agc-grp-2f85,contact for lead time; no contact made,not established,not established
couplings,Robotiq controller-connected coupling (current CAD reference),GRP-CPL-062,2,each,vehicle,purchased_part,baseline_candidate,no_purchase_or_owned_hardware_evidence,true,644,USD,1288.0,public_reference_not_quote,coupling_price,null,null,unknown,false,coupling_price|coupling_routes|coupling_external_route,Separate purchased electronics-containing coupling; original adapter cannot replace it. GRP-ES-CPL-062 and GRP-ES-CPL-077 are different SKUs. Current visual mesh remains a licensed reference; electrical route and exact cable/interface unresolved.,null,null,null,null,null,null,null,false,2026-10-09,https://www.kingbarcode.com/GRP-CPL-062,backorder; price and lead time need supplier confirmation,not established,not established
gripper_cable_interface,"Gripper device cables, RS485/controller interface and required integration hardware",null,null,each,vehicle,purchased_part,required_unresolved,no_purchase_or_owned_hardware_evidence,true,null,null,null,unpriced,null,null,null,unknown,false,coupling_external_route|coupling_routes,Two grippers require validated power/communications. Counts and exact cable/USB/interface SKUs remain unknown; do not assume bare coupling price includes full route.,null,null,null,null,null,null,null,false,null,null,null,null,null
gripper_fingertips,Any additional approved gripper fingertips,null,null,each,vehicle,purchased_part,required_scope_unresolved,no_purchase_or_owned_hardware_evidence,true,null,null,null,unpriced,null,null,null,unknown,false,gripper_price,Whether separately needed depends on confirmed AGC-GRP-2F85 package contents and task. Do not count included fingertips twice.,null,null,null,null,null,null,null,false,null,null,null,null,null
spherical_bearings,Root and middle suspension bearing candidates,"GE20ES candidate specification, manufacturer unresolved",56,each,vehicle,purchased_part,research_candidate,no_purchase_or_owned_hardware_evidence,true,null,null,null,unpriced,null,null,null,unknown,false,,C03_R01 ledger count: 56 root/middle GE20ES candidates. Replaces the old all-C02 count of 72. Eight outer AIN16 bearings are separate. Reference envelope rows do not add bearings.,null,null,null,null,null,null,null,false,null,null,null,null,null
coilovers,King Pure Race coilover and unselected spring candidates,King RS2008 candidate; exact configuration unresolved,6,each,vehicle,purchased_part,research_candidate,no_purchase_or_owned_hardware_evidence,true,null,null,null,unpriced,null,null,null,unknown,false,c03_coilover_candidate,"Six candidates only. Exact spring selection, bearing/spacer package, damping, load and dimensions are unresolved. No price or installed mass.",null,null,null,null,null,null,null,false,null,null,null,null,null
outer_spherical_bearings,FK outer spherical bearing candidates,AIN16,8,each,vehicle,purchased_part,research_candidate,no_purchase_or_owned_hardware_evidence,true,null,null,null,unpriced,null,null,null,unknown,false,c03_joint_interfaces,"Exact C03_R01 ledger quantity. Purchased configuration, finished fits, retention and operating loads require review. Unit price and accepted installed mass remain unknown; no catalogue-family mass is substituted.",null,null,null,null,null,null,null,false,null,null,null,null,null
outer_misalignment_spacers,FK outer bearing misalignment spacer candidates,16-12HB,16,each,vehicle,purchased_part,research_candidate,no_purchase_or_owned_hardware_evidence,true,null,null,null,unpriced,null,null,null,unknown,false,c03_joint_interfaces,"Exact C03_R01 ledger quantity. Purchased configuration, finished fits, retention and operating loads require review. Unit price and accepted installed mass remain unknown; no catalogue-family mass is substituted.",null,null,null,null,null,null,null,false,null,null,null,null,null
tie_rod_end_RH,FK right-hand tie rod end candidates,JMX12,4,each,vehicle,purchased_part,research_candidate,no_purchase_or_owned_hardware_evidence,true,null,null,null,unpriced,null,null,null,unknown,false,c03_joint_interfaces,"Exact C03_R01 ledger quantity. Purchased configuration, finished fits, retention and operating loads require review. Unit price and accepted installed mass remain unknown; no catalogue-family mass is substituted.",null,null,null,null,null,null,null,false,null,null,null,null,null
tie_rod_end_LH,FK left-hand tie rod end candidates,JMXL12,4,each,vehicle,purchased_part,research_candidate,no_purchase_or_owned_hardware_evidence,true,null,null,null,unpriced,null,null,null,unknown,false,c03_joint_interfaces,"Exact C03_R01 ledger quantity. Purchased configuration, finished fits, retention and operating loads require review. Unit price and accepted installed mass remain unknown; no catalogue-family mass is substituted.",null,null,null,null,null,null,null,false,null,null,null,null,null
tie_misalignment_spacers,FK tie rod misalignment spacer candidates,12-10HB,16,each,vehicle,purchased_part,research_candidate,no_purchase_or_owned_hardware_evidence,true,null,null,null,unpriced,null,null,null,unknown,false,c03_joint_interfaces,"Exact C03_R01 ledger quantity. Purchased configuration, finished fits, retention and operating loads require review. Unit price and accepted installed mass remain unknown; no catalogue-family mass is substituted.",null,null,null,null,null,null,null,false,null,null,null,null,null
housing_retainer_screws,AIN housing retainer screw candidates,M5; grade and length unresolved,32,each,vehicle,purchased_part,required_unresolved,no_purchase_or_owned_hardware_evidence,true,null,null,null,unpriced,null,null,null,unknown,false,,"32 screws from C03_R01 ledger, separate from original housing retainer geometry. Grade, length, locking, preload, price and mass unknown.",null,null,null,null,null,null,null,false,null,null,null,null,null
steering_actuators,Thomson Electrak HD steering packaging candidates,"HD48-B045, 200 mm stroke, M rear/M front; complete order code unresolved",2,each,vehicle,purchased_part,research_candidate,no_purchase_or_owned_hardware_evidence,true,null,null,null,unpriced,null,null,null,unknown,false,c03_actuator_candidate,"Current 200 mm candidate supersedes earlier 150 mm study. No exact order, unit mass or price. Candidate force/duty and installed steering power are unqualified; it must not be presented as a released steering solution.",null,null,null,null,200,null,null,false,null,null,null,null,null
suspension_fasteners,"Residual suspension cotters, axial retainers, jam nuts, seals and lubrication",null,null,each,vehicle,purchased_part,required_unresolved,no_purchase_or_owned_hardware_evidence,true,null,null,null,unpriced,null,null,null,unknown,false,,"Excludes original nominal hardware and the separately listed 32 M5 housing screws. Residual exact purchased schedule, retention and lubrication remain unresolved.",null,null,null,null,null,null,null,false,null,null,null,null,null
wheel_studs,"Wheel output studs and input nuts, aggregate ledger quantity",null,60,each,vehicle,purchased_part,required_unresolved,no_purchase_or_owned_hardware_evidence,true,null,null,null,unpriced,null,null,null,unknown,false,,"60 is the aggregate C03 ledger quantity of output studs/input nuts, not 60 identical selected parts. Split into exact SKUs after thread, length, grade, seat and engagement are finalized. The 30 rim-bundle flat nuts are separately tracked and must not be duplicated.",null,null,null,null,null,null,null,false,null,null,null,null,null
traction_inverters,Traction inverters/controllers and tuning,null,null,each,vehicle,purchased_part,required_unresolved,no_purchase_or_owned_hardware_evidence,true,null,null,null,unpriced,null,null,null,unknown,false,,Six motors do not prove six inverter packages; architecture and quantity unresolved.,null,null,null,null,null,null,null,false,null,null,null,null,null
power_distribution,"Harness, busbars, fuses, contactors, precharge and electrical protection",null,null,each,vehicle,purchased_part,required_unresolved,no_purchase_or_owned_hardware_evidence,true,null,null,null,unpriced,null,null,null,unknown,false,,"Current-sharing, module-dropout, inrush and regeneration remain unqualified.",null,null,null,null,null,null,null,false,null,null,null,null,null
charger,Qualified battery charger and charging connections,null,null,each,vehicle,purchased_part,required_unresolved,no_purchase_or_owned_hardware_evidence,true,null,null,null,unpriced,null,null,null,unknown,false,,"Exact output, grid connection and charging workflow unresolved.",null,null,null,null,null,null,null,false,null,null,null,null,null
aux_converter,Selected auxiliary DC/DC conversion,null,null,each,vehicle,purchased_part,required_unresolved,no_purchase_or_owned_hardware_evidence,true,null,null,null,unpriced,null,null,null,unknown,false,,Victron research alternative is not an approved baseline selection.,null,null,null,null,null,null,null,false,null,null,null,null,null
cooling,Cooling and thermal-management hardware,null,null,each,vehicle,purchased_part,required_unresolved,no_purchase_or_owned_hardware_evidence,true,null,null,null,unpriced,null,null,null,unknown,false,,Two UR20 controller reservations do not establish complete cooling cost.,null,null,null,null,null,null,null,false,null,null,null,null,null
safety_controls,"Safety control, e-stop, sensors, compute and communication hardware",null,null,each,vehicle,purchased_part,required_unresolved,no_purchase_or_owned_hardware_evidence,true,null,null,null,unpriced,null,null,null,unknown,false,,No complete safe operational controller/sensor BOM.,null,null,null,null,null,null,null,false,null,null,null,null,null
tire_services,"Valve, mounting, balancing and tire-service work",null,null,each,vehicle,purchased_part,required_unresolved,no_purchase_or_owned_hardware_evidence,true,null,null,null,unpriced,null,null,null,unknown,false,,Not included in bare tire listing or inferred from rim mounting-nut kit.,null,null,null,null,null,null,null,false,null,null,null,null,null
steering,"Residual steering controls, commissioning and safety integration",null,null,each,vehicle,purchased_part,required_unresolved,no_purchase_or_owned_hardware_evidence,true,null,null,null,unpriced,null,null,null,unknown,false,,"C03 steering geometry, two actuator candidates, bearings and rod ends are separately itemized. This residual row excludes those items and covers unresolved controls, wiring, sensing, qualification and service integration only.",null,null,null,null,null,null,null,false,null,null,null,null,null
task_tools,Required task-specific tools and fixtures,null,null,each,vehicle,purchased_part,required_unresolved,no_purchase_or_owned_hardware_evidence,true,null,null,null,unpriced,null,null,null,unknown,false,,"No autonomous repair/replication process demonstrated; tools, payload and offboard fixtures separately quoted.",null,null,null,null,null,null,null,false,null,null,null,null,null
build_labor,"Direct assembly, wiring, commissioning and rework labor",null,null,each,build_cost,service_or_cost_category,required_unresolved,no_purchase_or_owned_hardware_evidence,true,null,null,null,unpriced,null,null,null,unknown,false,,No current work breakdown or quote. Costs embedded in supplier fabrication quotes must not be added again as direct labor.,null,null,null,null,null,null,null,false,null,null,null,null,null
engineering_nre,"Engineering, software, integration and safety qualification",null,null,each,build_cost,service_or_cost_category,required_unresolved,no_purchase_or_owned_hardware_evidence,true,null,null,null,unpriced,null,null,null,unknown,false,,No current work breakdown or quote. Costs embedded in supplier fabrication quotes must not be added again as direct labor.,null,null,null,null,null,null,null,false,null,null,null,null,null
logistics_tax,"Destination taxes, duties, freight and procurement",null,null,each,build_cost,service_or_cost_category,required_unresolved,no_purchase_or_owned_hardware_evidence,true,null,null,null,unpriced,null,null,null,unknown,false,,No current work breakdown or quote. Costs embedded in supplier fabrication quotes must not be added again as direct labor.,null,null,null,null,null,null,null,false,null,null,null,null,null
external_workcell,"Offboard lifting, service fixtures and workcell",null,null,each,external_workcell,service_or_cost_category,required_unresolved,no_purchase_or_owned_hardware_evidence,true,null,null,null,unpriced,null,null,null,unknown,false,,No current work breakdown or quote. Costs embedded in supplier fabrication quotes must not be added again as direct labor.,null,null,null,null,null,null,null,false,null,null,null,null,null
