part,group,volume_mm3,assumed_density_kg_m3,mass_kg
BA02_pack_1_tray_M8_1_top_washer,battery_fasteners,233.0307766726767,7850,0.0018292915968805123
BA02_pack_1_tray_M8_1_screw,battery_fasteners,2445.1151324914895,7850,0.019194153790058194
BA02_pack_1_tray_M8_1_bottom_washer,battery_fasteners,233.03077667267655,7850,0.001829291596880511
BA02_pack_1_tray_M8_1_nut,battery_fasteners,624.6032700838738,7850,0.00490313567015841
BA02_pack_1_tray_M8_2_top_washer,battery_fasteners,233.0307766726767,7850,0.0018292915968805123
BA02_pack_1_tray_M8_2_screw,battery_fasteners,2445.1151324914895,7850,0.019194153790058194
BA02_pack_1_tray_M8_2_bottom_washer,battery_fasteners,233.03077667267655,7850,0.001829291596880511
BA02_pack_1_tray_M8_2_nut,battery_fasteners,624.6032700838738,7850,0.00490313567015841
BA02_pack_1_tray_M8_3_top_washer,battery_fasteners,233.03077667267686,7850,0.0018292915968805136
BA02_pack_1_tray_M8_3_screw,battery_fasteners,2445.115132491493,7850,0.019194153790058222
BA02_pack_1_tray_M8_3_bottom_washer,battery_fasteners,233.03077667267684,7850,0.0018292915968805134
BA02_pack_1_tray_M8_3_nut,battery_fasteners,624.6032700838655,7850,0.004903135670158344
BA02_pack_1_tray_M8_4_top_washer,battery_fasteners,233.03077667267686,7850,0.0018292915968805136
BA02_pack_1_tray_M8_4_screw,battery_fasteners,2445.115132491493,7850,0.019194153790058222
BA02_pack_1_tray_M8_4_bottom_washer,battery_fasteners,233.03077667267684,7850,0.0018292915968805134
BA02_pack_1_tray_M8_4_nut,battery_fasteners,624.6032700838655,7850,0.004903135670158344
BA02_pack_1_pocketed_tray,battery_carrier,1305277.3807788726,2700,3.5242489281029563
BA02_pack_2_tray_M8_1_top_washer,battery_fasteners,233.03077667267686,7850,0.0018292915968805136
BA02_pack_2_tray_M8_1_screw,battery_fasteners,2445.115132491493,7850,0.019194153790058222
BA02_pack_2_tray_M8_1_bottom_washer,battery_fasteners,233.03077667267678,7850,0.001829291596880513
BA02_pack_2_tray_M8_1_nut,battery_fasteners,624.6032700838655,7850,0.004903135670158344
BA02_pack_2_tray_M8_2_top_washer,battery_fasteners,233.03077667267686,7850,0.0018292915968805136
BA02_pack_2_tray_M8_2_screw,battery_fasteners,2445.115132491493,7850,0.019194153790058222
BA02_pack_2_tray_M8_2_bottom_washer,battery_fasteners,233.03077667267678,7850,0.001829291596880513
BA02_pack_2_tray_M8_2_nut,battery_fasteners,624.6032700838655,7850,0.004903135670158344
BA02_pack_2_tray_M8_3_top_washer,battery_fasteners,233.03077667267686,7850,0.0018292915968805136
BA02_pack_2_tray_M8_3_screw,battery_fasteners,2445.115132491493,7850,0.019194153790058222
BA02_pack_2_tray_M8_3_bottom_washer,battery_fasteners,233.03077667267678,7850,0.001829291596880513
BA02_pack_2_tray_M8_3_nut,battery_fasteners,624.6032700838655,7850,0.004903135670158344
BA02_pack_2_tray_M8_4_top_washer,battery_fasteners,233.03077667267686,7850,0.0018292915968805136
BA02_pack_2_tray_M8_4_screw,battery_fasteners,2445.115132491493,7850,0.019194153790058222
BA02_pack_2_tray_M8_4_bottom_washer,battery_fasteners,233.03077667267678,7850,0.001829291596880513
BA02_pack_2_tray_M8_4_nut,battery_fasteners,624.6032700838655,7850,0.004903135670158344
BA02_pack_2_pocketed_tray,battery_carrier,1305277.3807788726,2700,3.5242489281029563
battery_well_floor_3mm,body_replacement,1401810.4355841544,2700,3.7848881760772173
