part,group,material_assumption,volume_mm3,mass_kg,note
trestle_1_transverse_box_200x100x6,chassis_support,steel,4492799.999999998,35.26847999999999,Original plate-built closed section; welds and section strength not qualified.
trestle_1_left_foot_plate,chassis_support,steel,1943713.9836837908,15.258154771917757,Four Ø18 optional engineered floor-anchor holes. No anchor or slab capacity selected; not asserted anchored.
trestle_1_left_post_box_100x100x6,chassis_support,steel,1254674.4000000004,9.849194040000004,
trestle_1_left_rail_bearing_pad,chassis_support,steel,563200.0,4.42112,Top face Z−100 bears directly on R07 bottom rail flats. Welded to crossbeam; no lifting point.
trestle_1_left_locator_cheek_-1,chassis_support,steel,57207.21252462997,0.4490766183183453,"8 mm clear of nominal rail side; locates only, not the gravity load path."
trestle_1_left_locator_-1_1_thread_boss,chassis_support,steel,4475.198735038673,0.03513031007005358,Smooth Ø13 bore represents omitted thread detail. M12 mating thread/engagement and weld must be designed before use.
trestle_1_left_locator_-1_1_screw_and_flat_tip,fastener,steel,7560.31261648319,0.059348454039393046,"Original smooth-shank nominal M12 locator. Rail side contact at ±50 mm. Do not use clamp friction for suspension, uplift, or rated restraint."
trestle_1_left_locator_-1_2_thread_boss,chassis_support,steel,4475.198735038673,0.03513031007005358,Smooth Ø13 bore represents omitted thread detail. M12 mating thread/engagement and weld must be designed before use.
trestle_1_left_locator_-1_2_screw_and_flat_tip,fastener,steel,7560.31261648319,0.059348454039393046,"Original smooth-shank nominal M12 locator. Rail side contact at ±50 mm. Do not use clamp friction for suspension, uplift, or rated restraint."
trestle_1_left_locator_cheek_1,chassis_support,steel,57207.21252462997,0.4490766183183453,"8 mm clear of nominal rail side; locates only, not the gravity load path."
trestle_1_left_locator_1_1_thread_boss,chassis_support,steel,4475.198735038673,0.03513031007005358,Smooth Ø13 bore represents omitted thread detail. M12 mating thread/engagement and weld must be designed before use.
trestle_1_left_locator_1_1_screw_and_flat_tip,fastener,steel,7560.312616483192,0.05934845403939307,"Original smooth-shank nominal M12 locator. Rail side contact at ±50 mm. Do not use clamp friction for suspension, uplift, or rated restraint."
trestle_1_left_locator_1_2_thread_boss,chassis_support,steel,4475.198735038673,0.03513031007005358,Smooth Ø13 bore represents omitted thread detail. M12 mating thread/engagement and weld must be designed before use.
trestle_1_left_locator_1_2_screw_and_flat_tip,fastener,steel,7560.312616483192,0.05934845403939307,"Original smooth-shank nominal M12 locator. Rail side contact at ±50 mm. Do not use clamp friction for suspension, uplift, or rated restraint."
trestle_1_right_foot_plate,chassis_support,steel,1943713.9836837908,15.258154771917757,Four Ø18 optional engineered floor-anchor holes. No anchor or slab capacity selected; not asserted anchored.
trestle_1_right_post_box_100x100x6,chassis_support,steel,1254674.4000000004,9.849194040000004,
trestle_1_right_rail_bearing_pad,chassis_support,steel,563200.0,4.42112,Top face Z−100 bears directly on R07 bottom rail flats. Welded to crossbeam; no lifting point.
trestle_1_right_locator_cheek_-1,chassis_support,steel,57207.21252462997,0.4490766183183453,"8 mm clear of nominal rail side; locates only, not the gravity load path."
trestle_1_right_locator_-1_1_thread_boss,chassis_support,steel,4475.198735038673,0.03513031007005358,Smooth Ø13 bore represents omitted thread detail. M12 mating thread/engagement and weld must be designed before use.
trestle_1_right_locator_-1_1_screw_and_flat_tip,fastener,steel,7560.312616483192,0.05934845403939307,"Original smooth-shank nominal M12 locator. Rail side contact at ±50 mm. Do not use clamp friction for suspension, uplift, or rated restraint."
trestle_1_right_locator_-1_2_thread_boss,chassis_support,steel,4475.198735038673,0.03513031007005358,Smooth Ø13 bore represents omitted thread detail. M12 mating thread/engagement and weld must be designed before use.
trestle_1_right_locator_-1_2_screw_and_flat_tip,fastener,steel,7560.312616483192,0.05934845403939307,"Original smooth-shank nominal M12 locator. Rail side contact at ±50 mm. Do not use clamp friction for suspension, uplift, or rated restraint."
trestle_1_right_locator_cheek_1,chassis_support,steel,57207.21252462997,0.4490766183183453,"8 mm clear of nominal rail side; locates only, not the gravity load path."
trestle_1_right_locator_1_1_thread_boss,chassis_support,steel,4475.198735038673,0.03513031007005358,Smooth Ø13 bore represents omitted thread detail. M12 mating thread/engagement and weld must be designed before use.
trestle_1_right_locator_1_1_screw_and_flat_tip,fastener,steel,7560.31261648319,0.059348454039393046,"Original smooth-shank nominal M12 locator. Rail side contact at ±50 mm. Do not use clamp friction for suspension, uplift, or rated restraint."
trestle_1_right_locator_1_2_thread_boss,chassis_support,steel,4475.198735038673,0.03513031007005358,Smooth Ø13 bore represents omitted thread detail. M12 mating thread/engagement and weld must be designed before use.
trestle_1_right_locator_1_2_screw_and_flat_tip,fastener,steel,7560.31261648319,0.059348454039393046,"Original smooth-shank nominal M12 locator. Rail side contact at ±50 mm. Do not use clamp friction for suspension, uplift, or rated restraint."
trestle_2_transverse_box_200x100x6,chassis_support,steel,4492799.999999998,35.26847999999999,Original plate-built closed section; welds and section strength not qualified.
trestle_2_left_foot_plate,chassis_support,steel,1943713.9836837908,15.258154771917757,Four Ø18 optional engineered floor-anchor holes. No anchor or slab capacity selected; not asserted anchored.
trestle_2_left_post_box_100x100x6,chassis_support,steel,1254674.4000000004,9.849194040000004,
trestle_2_left_rail_bearing_pad,chassis_support,steel,563200.0,4.42112,Top face Z−100 bears directly on R07 bottom rail flats. Welded to crossbeam; no lifting point.
trestle_2_left_locator_cheek_-1,chassis_support,steel,57207.21252462997,0.4490766183183453,"8 mm clear of nominal rail side; locates only, not the gravity load path."
trestle_2_left_locator_-1_1_thread_boss,chassis_support,steel,4475.198735038673,0.03513031007005358,Smooth Ø13 bore represents omitted thread detail. M12 mating thread/engagement and weld must be designed before use.
trestle_2_left_locator_-1_1_screw_and_flat_tip,fastener,steel,7560.31261648319,0.059348454039393046,"Original smooth-shank nominal M12 locator. Rail side contact at ±50 mm. Do not use clamp friction for suspension, uplift, or rated restraint."
trestle_2_left_locator_-1_2_thread_boss,chassis_support,steel,4475.198735038673,0.03513031007005358,Smooth Ø13 bore represents omitted thread detail. M12 mating thread/engagement and weld must be designed before use.
trestle_2_left_locator_-1_2_screw_and_flat_tip,fastener,steel,7560.31261648319,0.059348454039393046,"Original smooth-shank nominal M12 locator. Rail side contact at ±50 mm. Do not use clamp friction for suspension, uplift, or rated restraint."
trestle_2_left_locator_cheek_1,chassis_support,steel,57207.21252462997,0.4490766183183453,"8 mm clear of nominal rail side; locates only, not the gravity load path."
trestle_2_left_locator_1_1_thread_boss,chassis_support,steel,4475.198735038673,0.03513031007005358,Smooth Ø13 bore represents omitted thread detail. M12 mating thread/engagement and weld must be designed before use.
trestle_2_left_locator_1_1_screw_and_flat_tip,fastener,steel,7560.312616483192,0.05934845403939307,"Original smooth-shank nominal M12 locator. Rail side contact at ±50 mm. Do not use clamp friction for suspension, uplift, or rated restraint."
trestle_2_left_locator_1_2_thread_boss,chassis_support,steel,4475.198735038673,0.03513031007005358,Smooth Ø13 bore represents omitted thread detail. M12 mating thread/engagement and weld must be designed before use.
trestle_2_left_locator_1_2_screw_and_flat_tip,fastener,steel,7560.312616483192,0.05934845403939307,"Original smooth-shank nominal M12 locator. Rail side contact at ±50 mm. Do not use clamp friction for suspension, uplift, or rated restraint."
trestle_2_right_foot_plate,chassis_support,steel,1943713.9836837908,15.258154771917757,Four Ø18 optional engineered floor-anchor holes. No anchor or slab capacity selected; not asserted anchored.
trestle_2_right_post_box_100x100x6,chassis_support,steel,1254674.4000000004,9.849194040000004,
trestle_2_right_rail_bearing_pad,chassis_support,steel,563200.0,4.42112,Top face Z−100 bears directly on R07 bottom rail flats. Welded to crossbeam; no lifting point.
trestle_2_right_locator_cheek_-1,chassis_support,steel,57207.21252462997,0.4490766183183453,"8 mm clear of nominal rail side; locates only, not the gravity load path."
trestle_2_right_locator_-1_1_thread_boss,chassis_support,steel,4475.198735038673,0.03513031007005358,Smooth Ø13 bore represents omitted thread detail. M12 mating thread/engagement and weld must be designed before use.
trestle_2_right_locator_-1_1_screw_and_flat_tip,fastener,steel,7560.312616483192,0.05934845403939307,"Original smooth-shank nominal M12 locator. Rail side contact at ±50 mm. Do not use clamp friction for suspension, uplift, or rated restraint."
trestle_2_right_locator_-1_2_thread_boss,chassis_support,steel,4475.198735038673,0.03513031007005358,Smooth Ø13 bore represents omitted thread detail. M12 mating thread/engagement and weld must be designed before use.
trestle_2_right_locator_-1_2_screw_and_flat_tip,fastener,steel,7560.312616483192,0.05934845403939307,"Original smooth-shank nominal M12 locator. Rail side contact at ±50 mm. Do not use clamp friction for suspension, uplift, or rated restraint."
trestle_2_right_locator_cheek_1,chassis_support,steel,57207.21252462997,0.4490766183183453,"8 mm clear of nominal rail side; locates only, not the gravity load path."
trestle_2_right_locator_1_1_thread_boss,chassis_support,steel,4475.198735038673,0.03513031007005358,Smooth Ø13 bore represents omitted thread detail. M12 mating thread/engagement and weld must be designed before use.
trestle_2_right_locator_1_1_screw_and_flat_tip,fastener,steel,7560.31261648319,0.059348454039393046,"Original smooth-shank nominal M12 locator. Rail side contact at ±50 mm. Do not use clamp friction for suspension, uplift, or rated restraint."
trestle_2_right_locator_1_2_thread_boss,chassis_support,steel,4475.198735038673,0.03513031007005358,Smooth Ø13 bore represents omitted thread detail. M12 mating thread/engagement and weld must be designed before use.
trestle_2_right_locator_1_2_screw_and_flat_tip,fastener,steel,7560.31261648319,0.059348454039393046,"Original smooth-shank nominal M12 locator. Rail side contact at ±50 mm. Do not use clamp friction for suspension, uplift, or rated restraint."
cradle_foot_-480_720,corner_cradle,steel,395073.2755698007,3.101325213222936,"Floor contact, no casters. Anchor pattern is original and unqualified."
cradle_foot_480_720,corner_cradle,steel,395073.2755698007,3.101325213222936,"Floor contact, no casters. Anchor pattern is original and unqualified."
cradle_longitudinal_box_720,corner_cradle,steel,1678099.3364445774,13.173079791089934,
cradle_foot_-480_1160,corner_cradle,steel,395073.27556980064,3.1013252132229354,"Floor contact, no casters. Anchor pattern is original and unqualified."
cradle_foot_480_1160,corner_cradle,steel,395073.27556980064,3.1013252132229354,"Floor contact, no casters. Anchor pattern is original and unqualified."
cradle_longitudinal_box_1160,corner_cradle,steel,1678099.3364445774,13.173079791089934,
cradle_cross_box_-220,corner_cradle,steel,468000.0,3.6738000000000004,
cradle_contour_shoe_-220,corner_cradle,steel,1594293.6001778045,12.515204761395767,"Original closed weldment: 8 mm bottom/end/side walls and 6 mm curved top, concave R444.15. Bottom rests on crossmember Z−732.15. Weld design and strength not released."
cradle_replaceable_contact_liner_-220,corner_cradle,elastomer,413745.3595556424,0.4964944314667709,"6 mm radial nominal liner follows R438.15 unloaded tire envelope. Real tread compression/contact, width on 8.5-in rim and liner attachment remain qualification gates."
cradle_cross_box_220,corner_cradle,steel,468000.0,3.6738000000000004,
cradle_contour_shoe_220,corner_cradle,steel,1594293.6001778056,12.515204761395776,"Original closed weldment: 8 mm bottom/end/side walls and 6 mm curved top, concave R444.15. Bottom rests on crossmember Z−732.15. Weld design and strength not released."
cradle_replaceable_contact_liner_220,corner_cradle,elastomer,413745.35955564457,0.49649443146677347,"6 mm radial nominal liner follows R438.15 unloaded tire envelope. Real tread compression/contact, width on 8.5-in rim and liner attachment remain qualification gates."
cradle_post_base_weldnut_-340_720_-35,fastener,steel,1552.4816392261077,0.012186980867924945,"Retained beneath top rail wall; nominal smooth-bore M10 envelope, no thread or weld rating."
cradle_post_base_washer_-340_720_-35,fastener,steel,438.25217517577516,0.0034402795751298353,
cradle_post_base_bolt_-340_720_-35,fastener,steel,3715.4648003495336,0.02916639868274384,Remove to install capture-post weldment after unloaded cradle is positioned beneath supported corner.
cradle_post_base_weldnut_-340_720_35,fastener,steel,1552.4816392261082,0.01218698086792495,"Retained beneath top rail wall; nominal smooth-bore M10 envelope, no thread or weld rating."
cradle_post_base_washer_-340_720_35,fastener,steel,438.25217517577516,0.0034402795751298353,
cradle_post_base_bolt_-340_720_35,fastener,steel,3715.4648003495336,0.02916639868274384,Remove to install capture-post weldment after unloaded cradle is positioned beneath supported corner.
cradle_capture_post_base_-340_720,corner_cradle,steel,54479.46915566255,0.42766383287195103,Removable post weldment: two M10-style through fasteners into retained rail nuts; structural approval required.
cradle_capture_post_-340_720,corner_cradle,steel,342834.59999999986,2.6912516099999992,
cradle_capture_post_cap_-340_720,corner_cradle,steel,41607.212524629984,0.3266166183183454,
cradle_capture_weldnut_-340_720,fastener,steel,1478.5994121198942,0.01160700538514117,"Nominal captive weldnut, threads omitted. No proof of weld or fastener capacity."
cradle_capture_washer_-340_720,fastener,steel,639.3141050055228,0.005018615724293354,
cradle_capture_bolt_-340_720,fastener,steel,9482.967320480153,0.0744412934657692,"Original M12-style smooth-shank captive crossbar fastener, length/grade/preload not selected."
cradle_post_base_weldnut_-340_1160_-35,fastener,steel,1552.4816392261096,0.012186980867924961,"Retained beneath top rail wall; nominal smooth-bore M10 envelope, no thread or weld rating."
cradle_post_base_washer_-340_1160_-35,fastener,steel,438.25217517577687,0.0034402795751298488,
cradle_post_base_bolt_-340_1160_-35,fastener,steel,3715.4648003495236,0.029166398682743764,Remove to install capture-post weldment after unloaded cradle is positioned beneath supported corner.
cradle_post_base_weldnut_-340_1160_35,fastener,steel,1552.48163922611,0.012186980867924965,"Retained beneath top rail wall; nominal smooth-bore M10 envelope, no thread or weld rating."
cradle_post_base_washer_-340_1160_35,fastener,steel,438.25217517577687,0.0034402795751298488,
cradle_post_base_bolt_-340_1160_35,fastener,steel,3715.4648003495236,0.029166398682743764,Remove to install capture-post weldment after unloaded cradle is positioned beneath supported corner.
cradle_capture_post_base_-340_1160,corner_cradle,steel,54479.46915566255,0.42766383287195103,Removable post weldment: two M10-style through fasteners into retained rail nuts; structural approval required.
cradle_capture_post_-340_1160,corner_cradle,steel,342834.59999999986,2.6912516099999992,
cradle_capture_post_cap_-340_1160,corner_cradle,steel,41607.212524629984,0.3266166183183454,
cradle_capture_weldnut_-340_1160,fastener,steel,1478.5994121198962,0.011607005385141185,"Nominal captive weldnut, threads omitted. No proof of weld or fastener capacity."
cradle_capture_washer_-340_1160,fastener,steel,639.314105005524,0.005018615724293364,
cradle_capture_bolt_-340_1160,fastener,steel,9482.967320480142,0.07444129346576912,"Original M12-style smooth-shank captive crossbar fastener, length/grade/preload not selected."
cradle_removable_capture_crossbar_-340,corner_cradle,steel,211527.2125246299,1.6604886183183447,Install after supported module is seated. This closes the cage; it is not a lifting bail or approved transport restraint.
cradle_post_base_weldnut_340_720_-35,fastener,steel,1552.4816392261082,0.01218698086792495,"Retained beneath top rail wall; nominal smooth-bore M10 envelope, no thread or weld rating."
cradle_post_base_washer_340_720_-35,fastener,steel,438.25217517577516,0.0034402795751298353,
cradle_post_base_bolt_340_720_-35,fastener,steel,3715.4648003495336,0.02916639868274384,Remove to install capture-post weldment after unloaded cradle is positioned beneath supported corner.
cradle_post_base_weldnut_340_720_35,fastener,steel,1552.4816392261077,0.012186980867924945,"Retained beneath top rail wall; nominal smooth-bore M10 envelope, no thread or weld rating."
cradle_post_base_washer_340_720_35,fastener,steel,438.25217517577516,0.0034402795751298353,
cradle_post_base_bolt_340_720_35,fastener,steel,3715.4648003495336,0.02916639868274384,Remove to install capture-post weldment after unloaded cradle is positioned beneath supported corner.
cradle_capture_post_base_340_720,corner_cradle,steel,54479.46915566255,0.42766383287195103,Removable post weldment: two M10-style through fasteners into retained rail nuts; structural approval required.
cradle_capture_post_340_720,corner_cradle,steel,342834.59999999986,2.6912516099999992,
cradle_capture_post_cap_340_720,corner_cradle,steel,41607.212524629984,0.3266166183183454,
cradle_capture_weldnut_340_720,fastener,steel,1478.5994121198942,0.01160700538514117,"Nominal captive weldnut, threads omitted. No proof of weld or fastener capacity."
cradle_capture_washer_340_720,fastener,steel,639.3141050055228,0.005018615724293354,
cradle_capture_bolt_340_720,fastener,steel,9482.967320480153,0.0744412934657692,"Original M12-style smooth-shank captive crossbar fastener, length/grade/preload not selected."
cradle_post_base_weldnut_340_1160_-35,fastener,steel,1552.48163922611,0.012186980867924965,"Retained beneath top rail wall; nominal smooth-bore M10 envelope, no thread or weld rating."
cradle_post_base_washer_340_1160_-35,fastener,steel,438.25217517577687,0.0034402795751298488,
cradle_post_base_bolt_340_1160_-35,fastener,steel,3715.4648003495236,0.029166398682743764,Remove to install capture-post weldment after unloaded cradle is positioned beneath supported corner.
cradle_post_base_weldnut_340_1160_35,fastener,steel,1552.4816392261096,0.012186980867924961,"Retained beneath top rail wall; nominal smooth-bore M10 envelope, no thread or weld rating."
cradle_post_base_washer_340_1160_35,fastener,steel,438.25217517577687,0.0034402795751298488,
cradle_post_base_bolt_340_1160_35,fastener,steel,3715.4648003495236,0.029166398682743764,Remove to install capture-post weldment after unloaded cradle is positioned beneath supported corner.
cradle_capture_post_base_340_1160,corner_cradle,steel,54479.46915566255,0.42766383287195103,Removable post weldment: two M10-style through fasteners into retained rail nuts; structural approval required.
cradle_capture_post_340_1160,corner_cradle,steel,342834.59999999986,2.6912516099999992,
cradle_capture_post_cap_340_1160,corner_cradle,steel,41607.212524629984,0.3266166183183454,
cradle_capture_weldnut_340_1160,fastener,steel,1478.5994121198962,0.011607005385141185,"Nominal captive weldnut, threads omitted. No proof of weld or fastener capacity."
cradle_capture_washer_340_1160,fastener,steel,639.314105005524,0.005018615724293364,
cradle_capture_bolt_340_1160,fastener,steel,9482.967320480142,0.07444129346576912,"Original M12-style smooth-shank captive crossbar fastener, length/grade/preload not selected."
cradle_removable_capture_crossbar_340,corner_cradle,steel,211527.2125246299,1.6604886183183447,Install after supported module is seated. This closes the cage; it is not a lifting bail or approved transport restraint.
