part,group,material_assumption,mass_kg,bounds_mm,note
main_base_deck_3mm,main_body,5083-like aluminium density; alloy/temper and weld procedure not qualified,14.57654587352637,"[-1900.0, -513.0, 100.0, 550.0, 513.0, 103.0]",2.45 m laser-cut base; recessed battery-well opening; sits on frame Z=100.
main_left_side_3mm,main_body,5083-like aluminium density; alloy/temper and weld procedure not qualified,1.4637510000000005,"[-1900.0, 513.0, 103.0, 550.0, 516.0, 220.0]",
left_side_service_cover_1,side_service,5083-like aluminium density; alloy/temper TBD,0.23055153301447795,"[-1038.0, 513.0, 153.0, -562.0, 516.0, 215.0]",62 mm-high removable access panel. Requires sealed handle inserts.
left_service_nutclip_1_1,side_service,generic carbon steel density; grade not specified,0.036874308718856684,"[-1042.0, 510.0, 144.0, -1002.0, 513.0, 184.0]",M6 nut/insert not modeled; clip requires weld detail.
left_service_nutclip_1_2,side_service,generic carbon steel density; grade not specified,0.036874308718856684,"[-1042.0, 510.0, 184.0, -1002.0, 513.0, 224.0]",M6 nut/insert not modeled; clip requires weld detail.
left_service_nutclip_1_3,side_service,generic carbon steel density; grade not specified,0.03687430871885669,"[-598.0, 510.0, 144.0, -558.0, 513.0, 184.0]",M6 nut/insert not modeled; clip requires weld detail.
left_service_nutclip_1_4,side_service,generic carbon steel density; grade not specified,0.03687430871885669,"[-598.0, 510.0, 184.0, -558.0, 513.0, 224.0]",M6 nut/insert not modeled; clip requires weld detail.
left_side_service_cover_2,side_service,5083-like aluminium density; alloy/temper TBD,0.11504553301447795,"[267.0, 513.0, 153.0, 513.0, 516.0, 215.0]",62 mm-high removable access panel. Requires sealed handle inserts.
left_service_nutclip_2_1,side_service,generic carbon steel density; grade not specified,0.03687430871885669,"[263.0, 510.0, 144.0, 303.0, 513.0, 184.0]",M6 nut/insert not modeled; clip requires weld detail.
left_service_nutclip_2_2,side_service,generic carbon steel density; grade not specified,0.03687430871885669,"[263.0, 510.0, 184.0, 303.0, 513.0, 224.0]",M6 nut/insert not modeled; clip requires weld detail.
left_service_nutclip_2_3,side_service,generic carbon steel density; grade not specified,0.03687430871885669,"[477.0, 510.0, 144.0, 517.0, 513.0, 184.0]",M6 nut/insert not modeled; clip requires weld detail.
left_service_nutclip_2_4,side_service,generic carbon steel density; grade not specified,0.03687430871885669,"[477.0, 510.0, 184.0, 517.0, 513.0, 224.0]",M6 nut/insert not modeled; clip requires weld detail.
main_right_side_3mm,main_body,5083-like aluminium density; alloy/temper and weld procedure not qualified,1.4637510000000005,"[-1900.0, -516.0, 103.0, 550.0, -513.0, 220.0]",
right_side_service_cover_1,side_service,5083-like aluminium density; alloy/temper TBD,0.23055153301447795,"[-1038.0, -516.0, 153.0, -562.0, -513.0, 215.0]",62 mm-high removable access panel. Requires sealed handle inserts.
right_service_nutclip_1_1,side_service,generic carbon steel density; grade not specified,0.036874308718856684,"[-1042.0, -513.0, 144.0, -1002.0, -510.0, 184.0]",M6 nut/insert not modeled; clip requires weld detail.
right_service_nutclip_1_2,side_service,generic carbon steel density; grade not specified,0.036874308718856684,"[-1042.0, -513.0, 184.0, -1002.0, -510.0, 224.0]",M6 nut/insert not modeled; clip requires weld detail.
right_service_nutclip_1_3,side_service,generic carbon steel density; grade not specified,0.03687430871885669,"[-598.0, -513.0, 144.0, -558.0, -510.0, 184.0]",M6 nut/insert not modeled; clip requires weld detail.
right_service_nutclip_1_4,side_service,generic carbon steel density; grade not specified,0.03687430871885669,"[-598.0, -513.0, 184.0, -558.0, -510.0, 224.0]",M6 nut/insert not modeled; clip requires weld detail.
right_side_service_cover_2,side_service,5083-like aluminium density; alloy/temper TBD,0.11504553301447795,"[267.0, -516.0, 153.0, 513.0, -513.0, 215.0]",62 mm-high removable access panel. Requires sealed handle inserts.
right_service_nutclip_2_1,side_service,generic carbon steel density; grade not specified,0.03687430871885669,"[263.0, -513.0, 144.0, 303.0, -510.0, 184.0]",M6 nut/insert not modeled; clip requires weld detail.
right_service_nutclip_2_2,side_service,generic carbon steel density; grade not specified,0.03687430871885669,"[263.0, -513.0, 184.0, 303.0, -510.0, 224.0]",M6 nut/insert not modeled; clip requires weld detail.
right_service_nutclip_2_3,side_service,generic carbon steel density; grade not specified,0.03687430871885669,"[477.0, -513.0, 144.0, 517.0, -510.0, 184.0]",M6 nut/insert not modeled; clip requires weld detail.
right_service_nutclip_2_4,side_service,generic carbon steel density; grade not specified,0.03687430871885669,"[477.0, -513.0, 184.0, 517.0, -510.0, 224.0]",M6 nut/insert not modeled; clip requires weld detail.
main_left_lower_sloping_shoulder,main_body,5083-like aluminium density; alloy/temper TBD,2.7703354318074402,"[-1900.0, 515.5709467104173, 218.5626714798981, 550.0, 650.4290532895826, 261.4373285201019]","Original 3mm planar welded flared shoulder; 1.3m max hull span is a design choice, not a recovered reference dimension. Edge mitres and bulkhead notches explicitly trimmed in B-rep."
main_left_upper_sloping_shoulder,main_body,5083-like aluminium density; alloy/temper TBD,4.199119251943411,"[-1900.0, 449.46106239338667, 260.0, 550.0, 650.5389376066132, 338.39983793925506]","Original 3mm planar welded flared shoulder; 1.3m max hull span is a design choice, not a recovered reference dimension. Edge mitres and bulkhead notches explicitly trimmed in B-rep."
main_right_lower_sloping_shoulder,main_body,5083-like aluminium density; alloy/temper TBD,2.770335431807464,"[-1900.0, -650.4290532895827, 218.56267147989809, 550.0, -515.5709467104174, 261.4373285201019]","Original 3mm planar welded flared shoulder; 1.3m max hull span is a design choice, not a recovered reference dimension. Edge mitres and bulkhead notches explicitly trimmed in B-rep."
main_right_upper_sloping_shoulder,main_body,5083-like aluminium density; alloy/temper TBD,4.19911925194341,"[-1900.0, -650.5389376066132, 259.99999999999994, 550.0, -449.4610623933868, 338.3998379392551]","Original 3mm planar welded flared shoulder; 1.3m max hull span is a design choice, not a recovered reference dimension. Edge mitres and bulkhead notches explicitly trimmed in B-rep."
rear_bulkhead_3mm,main_body,5083-like aluminium density; alloy/temper and weld procedure not qualified,2.028707793473516,"[-1900.0, -650.0, 103.0, -1897.0, 650.0, 337.0]","Connector apertures only; glands, EMC seals, bonding and connectors not selected."
arm_facing_bulkhead_3mm,main_body,5083-like aluminium density; alloy/temper and weld procedure not qualified,2.0034135743824035,"[547.0, -650.0, 103.0, 550.0, 650.0, 337.0]","Connector apertures only; glands, EMC seals, bonding and connectors not selected."
controller_battery_partition,main_body,5083-like aluminium density; alloy/temper and weld procedure not qualified,1.9293590001608665,"[-1143.0, -650.0, 103.0, -1140.0, 650.0, 337.0]",Battery/cable segregation with service openings; fire barrier not qualified.
battery_tool_partition,main_body,5083-like aluminium density; alloy/temper and weld procedure not qualified,1.989493400160867,"[-460.0, -650.0, 103.0, -457.0, 650.0, 337.0]",Battery/cable segregation with service openings; fire barrier not qualified.
battery_well_floor_3mm,battery_well,5083-like aluminium density; alloy/temper and weld procedure not qualified,3.7888293920257397,"[-1125.0, -360.0, -80.0, -475.0, 360.0, -77.0]",
battery_well_left_wall,battery_well,5083-like aluminium density; alloy/temper and weld procedure not qualified,2.1673937001608667,"[-1125.0, 357.0, -77.0, -475.0, 360.0, 337.0]",
battery_well_right_wall,battery_well,5083-like aluminium density; alloy/temper and weld procedure not qualified,2.17971,"[-1125.0, -360.0, -77.0, -475.0, -357.0, 337.0]",
battery_well_rear_wall,battery_well,5083-like aluminium density; alloy/temper and weld procedure not qualified,2.3943276,"[-1125.0, -357.0, -77.0, -1122.0, 357.0, 337.0]",
battery_well_front_wall,battery_well,5083-like aluminium density; alloy/temper and weld procedure not qualified,2.3943276,"[-478.0, -357.0, -77.0, -475.0, 357.0, 337.0]",
battery_1_isolator_pad,battery_support,"EPDM-like nominal density, material and compression qualification pending",0.22464000000000003,"[-1080.0, -200.0, -77.0, -820.0, -20.0, -73.0]",4 mm pad. Battery mass/thermal/chemical compatibility requires supplier validation.
battery_1_stop_-1,battery_support,"aluminium, unqualified strength",0.058968,"[-1080.0, -215.5, -73.0, -820.0, -212.5, -45.0]",Welded low stop; supplier hold-down interface unknown.
battery_1_stop_1,battery_support,"aluminium, unqualified strength",0.058968,"[-1080.0, -7.5, -73.0, -820.0, -4.5, -45.0]",Welded low stop; supplier hold-down interface unknown.
battery_2_isolator_pad,battery_support,"EPDM-like nominal density, material and compression qualification pending",0.22464000000000003,"[-1080.0, 20.0, -77.0, -820.0, 200.0, -73.0]",4 mm pad. Battery mass/thermal/chemical compatibility requires supplier validation.
battery_2_stop_-1,battery_support,"aluminium, unqualified strength",0.058968,"[-1080.0, 4.5, -73.0, -820.0, 7.5, -45.0]",Welded low stop; supplier hold-down interface unknown.
battery_2_stop_1,battery_support,"aluminium, unqualified strength",0.058968,"[-1080.0, 212.5, -73.0, -820.0, 215.5, -45.0]",Welded low stop; supplier hold-down interface unknown.
battery_3_isolator_pad,battery_support,"EPDM-like nominal density, material and compression qualification pending",0.22464000000000003,"[-780.0, -200.0, -77.0, -520.0, -20.0, -73.0]",4 mm pad. Battery mass/thermal/chemical compatibility requires supplier validation.
battery_3_stop_-1,battery_support,"aluminium, unqualified strength",0.058968,"[-780.0, -215.5, -73.0, -520.0, -212.5, -45.0]",Welded low stop; supplier hold-down interface unknown.
battery_3_stop_1,battery_support,"aluminium, unqualified strength",0.058968,"[-780.0, -7.5, -73.0, -520.0, -4.5, -45.0]",Welded low stop; supplier hold-down interface unknown.
battery_4_isolator_pad,battery_support,"EPDM-like nominal density, material and compression qualification pending",0.22464000000000003,"[-780.0, 20.0, -77.0, -520.0, 200.0, -73.0]",4 mm pad. Battery mass/thermal/chemical compatibility requires supplier validation.
battery_4_stop_-1,battery_support,"aluminium, unqualified strength",0.058968,"[-780.0, 4.5, -73.0, -520.0, 7.5, -45.0]",Welded low stop; supplier hold-down interface unknown.
battery_4_stop_1,battery_support,"aluminium, unqualified strength",0.058968,"[-780.0, 212.5, -73.0, -520.0, 215.5, -45.0]",Welded low stop; supplier hold-down interface unknown.
battery_retention_crossbar_1,battery_support,"aluminium, unqualified strength",0.16068626135049244,"[-965.0, -250.0, 215.0, -935.0, 250.0, 219.0]",12 mm top gap reserved for adjustable insulating pads; clamps NOT contact-qualified.
battery_retention_stud_1_-235,battery_support,"simplified unthreaded steel fastener, strength class TBD",0.12350480367204494,"[-954.0, -239.0, -87.0, -946.0, -231.0, 226.0]",Smooth M8 tie-rod approximation through real floor/crossbar clearance bores; terminal clearance and preload unresolved.
battery_retention_nut_1_-235_bottom,battery_support,"simplified unthreaded steel fastener, strength class TBD",0.004912352488594564,"[-957.5, -241.4951905283833, -87.0, -942.5, -228.5048094716167, -80.0]",M8 hex-nut approximation; smooth clearance bore represents omitted threads.
battery_retention_nut_1_-235_top,battery_support,"simplified unthreaded steel fastener, strength class TBD",0.004912352488594564,"[-957.5, -241.4951905283833, 219.0, -942.5, -228.5048094716167, 226.0]",M8 hex-nut approximation; smooth clearance bore represents omitted threads.
battery_retention_stud_1_235,battery_support,"simplified unthreaded steel fastener, strength class TBD",0.12350480367204494,"[-954.0, 231.0, -87.0, -946.0, 239.0, 226.0]",Smooth M8 tie-rod approximation through real floor/crossbar clearance bores; terminal clearance and preload unresolved.
battery_retention_nut_1_235_bottom,battery_support,"simplified unthreaded steel fastener, strength class TBD",0.004912352488594564,"[-957.5, 228.5048094716167, -87.0, -942.5, 241.4951905283833, -80.0]",M8 hex-nut approximation; smooth clearance bore represents omitted threads.
battery_retention_nut_1_235_top,battery_support,"simplified unthreaded steel fastener, strength class TBD",0.004912352488594564,"[-957.5, 228.5048094716167, 219.0, -942.5, 241.4951905283833, 226.0]",M8 hex-nut approximation; smooth clearance bore represents omitted threads.
battery_retention_crossbar_2,battery_support,"aluminium, unqualified strength",0.16068626135049244,"[-665.0, -250.0, 215.0, -635.0, 250.0, 219.0]",12 mm top gap reserved for adjustable insulating pads; clamps NOT contact-qualified.
battery_retention_stud_2_-235,battery_support,"simplified unthreaded steel fastener, strength class TBD",0.12350480367204494,"[-654.0, -239.0, -87.0, -646.0, -231.0, 226.0]",Smooth M8 tie-rod approximation through real floor/crossbar clearance bores; terminal clearance and preload unresolved.
battery_retention_nut_2_-235_bottom,battery_support,"simplified unthreaded steel fastener, strength class TBD",0.004912352488594564,"[-657.5, -241.4951905283833, -87.0, -642.5, -228.5048094716167, -80.0]",M8 hex-nut approximation; smooth clearance bore represents omitted threads.
battery_retention_nut_2_-235_top,battery_support,"simplified unthreaded steel fastener, strength class TBD",0.004912352488594564,"[-657.5, -241.4951905283833, 219.0, -642.5, -228.5048094716167, 226.0]",M8 hex-nut approximation; smooth clearance bore represents omitted threads.
battery_retention_stud_2_235,battery_support,"simplified unthreaded steel fastener, strength class TBD",0.12350480367204494,"[-654.0, 231.0, -87.0, -646.0, 239.0, 226.0]",Smooth M8 tie-rod approximation through real floor/crossbar clearance bores; terminal clearance and preload unresolved.
battery_retention_nut_2_235_bottom,battery_support,"simplified unthreaded steel fastener, strength class TBD",0.004912352488594564,"[-657.5, 228.5048094716167, -87.0, -642.5, 241.4951905283833, -80.0]",M8 hex-nut approximation; smooth clearance bore represents omitted threads.
battery_retention_nut_2_235_top,battery_support,"simplified unthreaded steel fastener, strength class TBD",0.004912352488594564,"[-657.5, 228.5048094716167, 219.0, -642.5, 241.4951905283833, 226.0]",M8 hex-nut approximation; smooth clearance bore represents omitted threads.
rear_controller_hatch_weld_flange,hatches,5083-like aluminium density; alloy/temper and weld procedure not qualified,0.5219212995217188,"[-1900.0, -450.0, 337.0, -1144.0, 450.0, 340.0]",
rear_controller_hatch_gasket,hatches,"EPDM-like nominal density, material and compression qualification pending",0.12392601254068239,"[-1899.0, -449.0, 340.0, -1145.0, 449.0, 342.0]",Concept gasket with 2 mm nominal uncompressed thickness; finger holes mean lid is not weather sealed.
rear_controller_hatch_removable_lid,hatches,5083-like aluminium density; alloy/temper TBD,5.460580901641679,"[-1899.0, -449.0, 342.0, -1145.0, 449.0, 345.0]",3 mm laser-cut lid. Finger slots require sealed insert handles before weatherproofing.
rear_controller_hatch_M6_1,hatches,"simplified unthreaded steel fastener, strength class TBD",0.004677559017819562,"[-1891.0, -441.0, 334.0, -1881.0, -431.0, 349.0]","Nominal M6-style envelope, no thread model or strength rating."
rear_controller_hatch_M6_2,hatches,"simplified unthreaded steel fastener, strength class TBD",0.004677559017819562,"[-1163.0, -441.0, 334.0, -1153.0, -431.0, 349.0]","Nominal M6-style envelope, no thread model or strength rating."
rear_controller_hatch_M6_3,hatches,"simplified unthreaded steel fastener, strength class TBD",0.004677559017819562,"[-1891.0, 431.0, 334.0, -1881.0, 441.0, 349.0]","Nominal M6-style envelope, no thread model or strength rating."
rear_controller_hatch_M6_4,hatches,"simplified unthreaded steel fastener, strength class TBD",0.004677559017819562,"[-1163.0, 431.0, 334.0, -1153.0, 441.0, 349.0]","Nominal M6-style envelope, no thread model or strength rating."
rear_controller_hatch_M6_5,hatches,"simplified unthreaded steel fastener, strength class TBD",0.004677559017819562,"[-1527.0, -441.0, 334.0, -1517.0, -431.0, 349.0]","Nominal M6-style envelope, no thread model or strength rating."
rear_controller_hatch_M6_6,hatches,"simplified unthreaded steel fastener, strength class TBD",0.004677559017819562,"[-1527.0, 431.0, 334.0, -1517.0, 441.0, 349.0]","Nominal M6-style envelope, no thread model or strength rating."
rear_controller_hatch_nutplate_1,hatches,generic carbon steel density; grade not specified,0.009099344958475584,"[-1895.0, -445.0, 333.0, -1877.0, -427.0, 337.0]",M6 rivet-nut or weld-nut finishing operation not yet selected; clearance hole modeled.
rear_controller_hatch_nutplate_2,hatches,generic carbon steel density; grade not specified,0.009099344958475584,"[-1167.0, -445.0, 333.0, -1149.0, -427.0, 337.0]",M6 rivet-nut or weld-nut finishing operation not yet selected; clearance hole modeled.
rear_controller_hatch_nutplate_3,hatches,generic carbon steel density; grade not specified,0.009099344958475584,"[-1895.0, 427.0, 333.0, -1877.0, 445.0, 337.0]",M6 rivet-nut or weld-nut finishing operation not yet selected; clearance hole modeled.
rear_controller_hatch_nutplate_4,hatches,generic carbon steel density; grade not specified,0.009099344958475584,"[-1167.0, 427.0, 333.0, -1149.0, 445.0, 337.0]",M6 rivet-nut or weld-nut finishing operation not yet selected; clearance hole modeled.
rear_controller_hatch_nutplate_5,hatches,generic carbon steel density; grade not specified,0.009099344958475584,"[-1531.0, -445.0, 333.0, -1513.0, -427.0, 337.0]",M6 rivet-nut or weld-nut finishing operation not yet selected; clearance hole modeled.
rear_controller_hatch_nutplate_6,hatches,generic carbon steel density; grade not specified,0.009099344958475584,"[-1531.0, 427.0, 333.0, -1513.0, 445.0, 337.0]",M6 rivet-nut or weld-nut finishing operation not yet selected; clearance hole modeled.
battery_deck_shoulder,battery_hatch,5083-like aluminium density; alloy/temper TBD,1.1664,"[-1140.0, -450.0, 337.0, -460.0, 450.0, 340.0]",
battery_hatch_weld_flange,battery_hatch,5083-like aluminium density; alloy/temper and weld procedure not qualified,0.4292572995217168,"[-1125.0, -360.0, 337.0, -475.0, 360.0, 340.0]",
battery_hatch_gasket,battery_hatch,"EPDM-like nominal density, material and compression qualification pending",0.10196121254043401,"[-1124.0, -359.0, 340.0, -476.0, 359.0, 342.0]",Concept gasket with 2 mm nominal uncompressed thickness; finger holes mean lid is not weather sealed.
battery_hatch_removable_lid,battery_hatch,5083-like aluminium density; alloy/temper TBD,3.7447741016416782,"[-1124.0, -359.0, 342.0, -476.0, 359.0, 345.0]",3 mm laser-cut lid. Finger slots require sealed insert handles before weatherproofing.
battery_hatch_M6_1,battery_hatch,"simplified unthreaded steel fastener, strength class TBD",0.004677559017819563,"[-1116.0, -351.0, 334.0, -1106.0, -341.0, 349.0]","Nominal M6-style envelope, no thread model or strength rating."
battery_hatch_M6_2,battery_hatch,"simplified unthreaded steel fastener, strength class TBD",0.004677559017819557,"[-494.0, -351.0, 334.0, -484.0, -341.0, 349.0]","Nominal M6-style envelope, no thread model or strength rating."
battery_hatch_M6_3,battery_hatch,"simplified unthreaded steel fastener, strength class TBD",0.004677559017819563,"[-1116.0, 341.0, 334.0, -1106.0, 351.0, 349.0]","Nominal M6-style envelope, no thread model or strength rating."
battery_hatch_M6_4,battery_hatch,"simplified unthreaded steel fastener, strength class TBD",0.004677559017819557,"[-494.0, 341.0, 334.0, -484.0, 351.0, 349.0]","Nominal M6-style envelope, no thread model or strength rating."
battery_hatch_M6_5,battery_hatch,"simplified unthreaded steel fastener, strength class TBD",0.00467755901781957,"[-805.0, -351.0, 334.0, -795.0, -341.0, 349.0]","Nominal M6-style envelope, no thread model or strength rating."
battery_hatch_M6_6,battery_hatch,"simplified unthreaded steel fastener, strength class TBD",0.00467755901781957,"[-805.0, 341.0, 334.0, -795.0, 351.0, 349.0]","Nominal M6-style envelope, no thread model or strength rating."
battery_hatch_nutplate_1,battery_hatch,generic carbon steel density; grade not specified,0.009099344958475584,"[-1120.0, -355.0, 333.0, -1102.0, -337.0, 337.0]",M6 rivet-nut or weld-nut finishing operation not yet selected; clearance hole modeled.
battery_hatch_nutplate_2,battery_hatch,generic carbon steel density; grade not specified,0.009099344958475582,"[-498.0, -355.0, 333.0, -480.0, -337.0, 337.0]",M6 rivet-nut or weld-nut finishing operation not yet selected; clearance hole modeled.
battery_hatch_nutplate_3,battery_hatch,generic carbon steel density; grade not specified,0.009099344958475584,"[-1120.0, 337.0, 333.0, -1102.0, 355.0, 337.0]",M6 rivet-nut or weld-nut finishing operation not yet selected; clearance hole modeled.
battery_hatch_nutplate_4,battery_hatch,generic carbon steel density; grade not specified,0.009099344958475582,"[-498.0, 337.0, 333.0, -480.0, 355.0, 337.0]",M6 rivet-nut or weld-nut finishing operation not yet selected; clearance hole modeled.
battery_hatch_nutplate_5,battery_hatch,generic carbon steel density; grade not specified,0.009099344958475582,"[-809.0, -355.0, 333.0, -791.0, -337.0, 337.0]",M6 rivet-nut or weld-nut finishing operation not yet selected; clearance hole modeled.
battery_hatch_nutplate_6,battery_hatch,generic carbon steel density; grade not specified,0.009099344958475582,"[-809.0, 337.0, 333.0, -791.0, 355.0, 337.0]",M6 rivet-nut or weld-nut finishing operation not yet selected; clearance hole modeled.
payload_tool_hatch_weld_flange,tool_hatch,5083-like aluminium density; alloy/temper and weld procedure not qualified,0.6029212995217194,"[-456.0, -450.0, 337.0, 550.0, 450.0, 340.0]",
payload_tool_hatch_gasket,tool_hatch,"EPDM-like nominal density, material and compression qualification pending",0.14312601254038781,"[-455.0, -449.0, 340.0, 549.0, 449.0, 342.0]",Concept gasket with 2 mm nominal uncompressed thickness; finger holes mean lid is not weather sealed.
payload_tool_hatch_removable_lid,tool_hatch,5083-like aluminium density; alloy/temper TBD,7.279030901641678,"[-455.0, -449.0, 342.0, 549.0, 449.0, 345.0]",3 mm laser-cut lid. Finger slots require sealed insert handles before weatherproofing.
payload_tool_hatch_M6_1,tool_hatch,"simplified unthreaded steel fastener, strength class TBD",0.004677559017819556,"[-447.0, -441.0, 334.0, -437.0, -431.0, 349.0]","Nominal M6-style envelope, no thread model or strength rating."
payload_tool_hatch_M6_2,tool_hatch,"simplified unthreaded steel fastener, strength class TBD",0.004677559017819569,"[531.0, -441.0, 334.0, 541.0, -431.0, 349.0]","Nominal M6-style envelope, no thread model or strength rating."
payload_tool_hatch_M6_3,tool_hatch,"simplified unthreaded steel fastener, strength class TBD",0.004677559017819556,"[-447.0, 431.0, 334.0, -437.0, 441.0, 349.0]","Nominal M6-style envelope, no thread model or strength rating."
payload_tool_hatch_M6_4,tool_hatch,"simplified unthreaded steel fastener, strength class TBD",0.004677559017819569,"[531.0, 431.0, 334.0, 541.0, 441.0, 349.0]","Nominal M6-style envelope, no thread model or strength rating."
payload_tool_hatch_M6_5,tool_hatch,"simplified unthreaded steel fastener, strength class TBD",0.004677559017819557,"[42.0, -441.0, 334.0, 52.0, -431.0, 349.0]","Nominal M6-style envelope, no thread model or strength rating."
payload_tool_hatch_M6_6,tool_hatch,"simplified unthreaded steel fastener, strength class TBD",0.004677559017819557,"[42.0, 431.0, 334.0, 52.0, 441.0, 349.0]","Nominal M6-style envelope, no thread model or strength rating."
payload_tool_hatch_nutplate_1,tool_hatch,generic carbon steel density; grade not specified,0.009099344958475582,"[-451.0, -445.0, 333.0, -433.0, -427.0, 337.0]",M6 rivet-nut or weld-nut finishing operation not yet selected; clearance hole modeled.
payload_tool_hatch_nutplate_2,tool_hatch,generic carbon steel density; grade not specified,0.009099344958475582,"[527.0, -445.0, 333.0, 545.0, -427.0, 337.0]",M6 rivet-nut or weld-nut finishing operation not yet selected; clearance hole modeled.
payload_tool_hatch_nutplate_3,tool_hatch,generic carbon steel density; grade not specified,0.009099344958475582,"[-451.0, 427.0, 333.0, -433.0, 445.0, 337.0]",M6 rivet-nut or weld-nut finishing operation not yet selected; clearance hole modeled.
payload_tool_hatch_nutplate_4,tool_hatch,generic carbon steel density; grade not specified,0.009099344958475582,"[527.0, 427.0, 333.0, 545.0, 445.0, 337.0]",M6 rivet-nut or weld-nut finishing operation not yet selected; clearance hole modeled.
payload_tool_hatch_nutplate_5,tool_hatch,generic carbon steel density; grade not specified,0.009099344958475582,"[38.0, -445.0, 333.0, 56.0, -427.0, 337.0]",M6 rivet-nut or weld-nut finishing operation not yet selected; clearance hole modeled.
payload_tool_hatch_nutplate_6,tool_hatch,generic carbon steel density; grade not specified,0.009099344958475582,"[38.0, 427.0, 333.0, 56.0, 445.0, 337.0]",M6 rivet-nut or weld-nut finishing operation not yet selected; clearance hole modeled.
controller_mount_tray_1,controller_trays,5083-like aluminium density; alloy/temper and weld procedure not qualified,1.19707419836838,"[-1845.0, -275.0, 140.0, -1575.0, 275.0, 143.0]","Adapter slot locations are our design, not verified against UR OEM hole drawing."
controller_tray_leg_1_-250,controller_trays,5083-like aluminium density; alloy/temper and weld procedure not qualified,0.074925,"[-1835.0, -251.5, 103.0, -1585.0, -248.5, 140.0]",
controller_tray_leg_1_250,controller_trays,5083-like aluminium density; alloy/temper and weld procedure not qualified,0.074925,"[-1835.0, 248.5, 103.0, -1585.0, 251.5, 140.0]",
controller_mount_tray_2,controller_trays,5083-like aluminium density; alloy/temper and weld procedure not qualified,1.19707419836838,"[-1505.0, -275.0, 140.0, -1235.0, 275.0, 143.0]","Adapter slot locations are our design, not verified against UR OEM hole drawing."
controller_tray_leg_2_-250,controller_trays,5083-like aluminium density; alloy/temper and weld procedure not qualified,0.074925,"[-1495.0, -251.5, 103.0, -1245.0, -248.5, 140.0]",
controller_tray_leg_2_250,controller_trays,5083-like aluminium density; alloy/temper and weld procedure not qualified,0.074925,"[-1495.0, 248.5, 103.0, -1245.0, 251.5, 140.0]",
cable_duct_floor_1,cable_route,5083-like aluminium density; alloy/temper and weld procedure not qualified,0.26082,"[-1863.0, 400.0, 230.0, -1173.0, 470.0, 232.0]",
cable_duct_side_1_400,cable_route,5083-like aluminium density; alloy/temper and weld procedure not qualified,0.14904,"[-1863.0, 399.0, 232.0, -1173.0, 401.0, 272.0]","Open-top duct, branch notch aligned to battery cable aperture; cable/strain-relief selection pending."
cable_duct_side_1_470,cable_route,5083-like aluminium density; alloy/temper and weld procedure not qualified,0.14904,"[-1863.0, 469.0, 232.0, -1173.0, 471.0, 272.0]","Open-top duct, branch notch aligned to battery cable aperture; cable/strain-relief selection pending."
cable_duct_floor_2,cable_route,5083-like aluminium density; alloy/temper and weld procedure not qualified,0.24570000000000006,"[-1125.0, 400.0, 230.0, -475.0, 470.0, 232.0]",
cable_duct_side_2_400,cable_route,5083-like aluminium density; alloy/temper and weld procedure not qualified,0.1307232,"[-1125.0, 399.0, 232.0, -475.0, 401.0, 272.0]","Open-top duct, branch notch aligned to battery cable aperture; cable/strain-relief selection pending."
cable_duct_side_2_470,cable_route,5083-like aluminium density; alloy/temper and weld procedure not qualified,0.1404,"[-1125.0, 469.0, 232.0, -475.0, 471.0, 272.0]","Open-top duct, branch notch aligned to battery cable aperture; cable/strain-relief selection pending."
cable_duct_floor_3,cable_route,5083-like aluminium density; alloy/temper and weld procedure not qualified,0.36288000000000004,"[-440.0, 400.0, 230.0, 520.0, 470.0, 232.0]",
cable_duct_side_3_400,cable_route,5083-like aluminium density; alloy/temper and weld procedure not qualified,0.20736000000000002,"[-440.0, 399.0, 232.0, 520.0, 401.0, 272.0]","Open-top duct, branch notch aligned to battery cable aperture; cable/strain-relief selection pending."
cable_duct_side_3_470,cable_route,5083-like aluminium density; alloy/temper and weld procedure not qualified,0.20736000000000002,"[-440.0, 469.0, 232.0, 520.0, 471.0, 272.0]","Open-top duct, branch notch aligned to battery cable aperture; cable/strain-relief selection pending."
rail_saddle_1_top,rail_clamps,generic carbon steel density; grade not specified,0.5942504471044486,"[-1090.0, -540.0, 103.0, -1010.0, -380.0, 109.0]","80×160×6 strap, clamp preload and frame wall crush checks pending."
rail_saddle_1_bottom,rail_clamps,generic carbon steel density; grade not specified,0.5942504471044486,"[-1090.0, -540.0, -106.0, -1010.0, -380.0, -100.0]",
rail_saddle_1_M10_1,rail_clamps,"simplified unthreaded steel fastener, strength class TBD",0.15114511192818378,"[-1058.5, -398.5, -117.0, -1041.5, -381.5, 116.0]","Nominal M6-style envelope, no thread model or strength rating."
rail_saddle_1_M10_nut_1,rail_clamps,"simplified unthreaded steel fastener, strength class TBD",0.012849940597571614,"[-1059.815, -398.5000393381443, -116.0, -1040.185, -381.4999606618557, -106.0]","M10 hex-nut approximation, smooth clearance bore; strength class/preload not selected."
rail_saddle_1_M10_2,rail_clamps,"simplified unthreaded steel fastener, strength class TBD",0.15114511192818408,"[-1058.5, -538.5, -117.0, -1041.5, -521.5, 116.0]","Nominal M6-style envelope, no thread model or strength rating."
rail_saddle_1_M10_nut_2,rail_clamps,"simplified unthreaded steel fastener, strength class TBD",0.01284994059757154,"[-1059.815, -538.5000393381442, -116.0, -1040.185, -521.4999606618558, -106.0]","M10 hex-nut approximation, smooth clearance bore; strength class/preload not selected."
rail_saddle_2_top,rail_clamps,generic carbon steel density; grade not specified,0.5942504471044486,"[-1090.0, 380.0, 103.0, -1010.0, 540.0, 109.0]","80×160×6 strap, clamp preload and frame wall crush checks pending."
rail_saddle_2_bottom,rail_clamps,generic carbon steel density; grade not specified,0.5942504471044486,"[-1090.0, 380.0, -106.0, -1010.0, 540.0, -100.0]",
rail_saddle_2_M10_1,rail_clamps,"simplified unthreaded steel fastener, strength class TBD",0.15114511192818378,"[-1058.5, 381.5, -117.0, -1041.5, 398.5, 116.0]","Nominal M6-style envelope, no thread model or strength rating."
rail_saddle_2_M10_nut_1,rail_clamps,"simplified unthreaded steel fastener, strength class TBD",0.012849940597571611,"[-1059.815, 381.4999606618557, -116.0, -1040.185, 398.5000393381443, -106.0]","M10 hex-nut approximation, smooth clearance bore; strength class/preload not selected."
rail_saddle_2_M10_2,rail_clamps,"simplified unthreaded steel fastener, strength class TBD",0.15114511192818408,"[-1058.5, 521.5, -117.0, -1041.5, 538.5, 116.0]","Nominal M6-style envelope, no thread model or strength rating."
rail_saddle_2_M10_nut_2,rail_clamps,"simplified unthreaded steel fastener, strength class TBD",0.01284994059757154,"[-1059.815, 521.4999606618558, -116.0, -1040.185, 538.5000393381442, -106.0]","M10 hex-nut approximation, smooth clearance bore; strength class/preload not selected."
rail_saddle_3_top,rail_clamps,generic carbon steel density; grade not specified,0.5942504471044485,"[-590.0, -540.0, 103.0, -510.0, -380.0, 109.0]","80×160×6 strap, clamp preload and frame wall crush checks pending."
rail_saddle_3_bottom,rail_clamps,generic carbon steel density; grade not specified,0.5942504471044485,"[-590.0, -540.0, -106.0, -510.0, -380.0, -100.0]",
rail_saddle_3_M10_1,rail_clamps,"simplified unthreaded steel fastener, strength class TBD",0.15114511192818406,"[-558.5, -398.5, -117.0, -541.5, -381.5, 116.0]","Nominal M6-style envelope, no thread model or strength rating."
rail_saddle_3_M10_nut_1,rail_clamps,"simplified unthreaded steel fastener, strength class TBD",0.012849940597571642,"[-559.815, -398.5000393381443, -116.0, -540.185, -381.4999606618557, -106.0]","M10 hex-nut approximation, smooth clearance bore; strength class/preload not selected."
rail_saddle_3_M10_2,rail_clamps,"simplified unthreaded steel fastener, strength class TBD",0.15114511192818433,"[-558.5, -538.5, -117.0, -541.5, -521.5, 116.0]","Nominal M6-style envelope, no thread model or strength rating."
rail_saddle_3_M10_nut_2,rail_clamps,"simplified unthreaded steel fastener, strength class TBD",0.012849940597571562,"[-559.815, -538.5000393381442, -116.0, -540.185, -521.4999606618558, -106.0]","M10 hex-nut approximation, smooth clearance bore; strength class/preload not selected."
rail_saddle_4_top,rail_clamps,generic carbon steel density; grade not specified,0.5942504471044485,"[-590.0, 380.0, 103.0, -510.0, 540.0, 109.0]","80×160×6 strap, clamp preload and frame wall crush checks pending."
rail_saddle_4_bottom,rail_clamps,generic carbon steel density; grade not specified,0.5942504471044485,"[-590.0, 380.0, -106.0, -510.0, 540.0, -100.0]",
rail_saddle_4_M10_1,rail_clamps,"simplified unthreaded steel fastener, strength class TBD",0.15114511192818406,"[-558.5, 381.5, -117.0, -541.5, 398.5, 116.0]","Nominal M6-style envelope, no thread model or strength rating."
rail_saddle_4_M10_nut_1,rail_clamps,"simplified unthreaded steel fastener, strength class TBD",0.01284994059757164,"[-559.815, 381.4999606618557, -116.0, -540.185, 398.5000393381443, -106.0]","M10 hex-nut approximation, smooth clearance bore; strength class/preload not selected."
rail_saddle_4_M10_2,rail_clamps,"simplified unthreaded steel fastener, strength class TBD",0.15114511192818433,"[-558.5, 521.5, -117.0, -541.5, 538.5, 116.0]","Nominal M6-style envelope, no thread model or strength rating."
rail_saddle_4_M10_nut_2,rail_clamps,"simplified unthreaded steel fastener, strength class TBD",0.012849940597571562,"[-559.815, 521.4999606618558, -116.0, -540.185, 538.5000393381442, -106.0]","M10 hex-nut approximation, smooth clearance bore; strength class/preload not selected."
front_tool_base,front_tool,5083-like aluminium density; alloy/temper and weld procedure not qualified,5.424246,"[1200.0, -513.0, 100.0, 1950.0, 513.0, 103.0]",
front_tool_rear_wall,front_tool,5083-like aluminium density; alloy/temper and weld procedure not qualified,1.5521220000000002,"[1200.0, -513.0, 103.0, 1203.0, 513.0, 297.0]",
front_tool_left_side,front_tool,5083-like aluminium density; alloy/temper and weld procedure not qualified,0.8606088000000003,"[1203.0, 513.0, 103.0, 1947.0, 516.0, 297.0]",
front_tool_right_side,front_tool,5083-like aluminium density; alloy/temper and weld procedure not qualified,0.8606088000000003,"[1203.0, -516.0, 103.0, 1947.0, -513.0, 297.0]",
front_tool_nose_wall,front_tool,5083-like aluminium density; alloy/temper and weld procedure not qualified,0.6980904,"[1947.0, -513.0, 103.0, 1950.0, 513.0, 187.0]",
front_sloped_service_nose,front_tool,5083-like aluminium density; alloy/temper TBD,2.247076207912742,"[1699.389763019531, -513.0, 187.12974059840178, 1947.610236980469, 513.0, 299.8702594015982]",3mm planar sloped sheet; final seam trim and weld detail still required.
front_tool_hatch_weld_flange,front_tool,5083-like aluminium density; alloy/temper and weld procedure not qualified,0.47785729952171785,"[1203.0, -513.0, 297.0, 1697.0, 513.0, 300.0]",
front_tool_hatch_gasket,front_tool,"EPDM-like nominal density, material and compression qualification pending",0.11348121254045732,"[1204.0, -512.0, 300.0, 1696.0, 512.0, 302.0]",Concept gasket with 2 mm nominal uncompressed thickness; finger holes mean lid is not weather sealed.
front_tool_hatch_removable_lid,front_tool,5083-like aluminium density; alloy/temper TBD,4.056980501641678,"[1204.0, -512.0, 302.0, 1696.0, 512.0, 305.0]",3 mm laser-cut lid. Finger slots require sealed insert handles before weatherproofing.
front_tool_hatch_M6_1,front_tool,"simplified unthreaded steel fastener, strength class TBD",0.004677559017819563,"[1212.0, -504.0, 294.0, 1222.0, -494.0, 309.0]","Nominal M6-style envelope, no thread model or strength rating."
front_tool_hatch_M6_2,front_tool,"simplified unthreaded steel fastener, strength class TBD",0.004677559017819563,"[1678.0, -504.0, 294.0, 1688.0, -494.0, 309.0]","Nominal M6-style envelope, no thread model or strength rating."
front_tool_hatch_M6_3,front_tool,"simplified unthreaded steel fastener, strength class TBD",0.004677559017819563,"[1212.0, 494.0, 294.0, 1222.0, 504.0, 309.0]","Nominal M6-style envelope, no thread model or strength rating."
front_tool_hatch_M6_4,front_tool,"simplified unthreaded steel fastener, strength class TBD",0.004677559017819563,"[1678.0, 494.0, 294.0, 1688.0, 504.0, 309.0]","Nominal M6-style envelope, no thread model or strength rating."
front_tool_hatch_M6_5,front_tool,"simplified unthreaded steel fastener, strength class TBD",0.004677559017819563,"[1445.0, -504.0, 294.0, 1455.0, -494.0, 309.0]","Nominal M6-style envelope, no thread model or strength rating."
front_tool_hatch_M6_6,front_tool,"simplified unthreaded steel fastener, strength class TBD",0.004677559017819563,"[1445.0, 494.0, 294.0, 1455.0, 504.0, 309.0]","Nominal M6-style envelope, no thread model or strength rating."
front_tool_hatch_nutplate_1,front_tool,generic carbon steel density; grade not specified,0.009099344958475584,"[1208.0, -508.0, 293.0, 1226.0, -490.0, 297.0]",M6 rivet-nut or weld-nut finishing operation not yet selected; clearance hole modeled.
front_tool_hatch_nutplate_2,front_tool,generic carbon steel density; grade not specified,0.009099344958475584,"[1674.0, -508.0, 293.0, 1692.0, -490.0, 297.0]",M6 rivet-nut or weld-nut finishing operation not yet selected; clearance hole modeled.
front_tool_hatch_nutplate_3,front_tool,generic carbon steel density; grade not specified,0.009099344958475584,"[1208.0, 490.0, 293.0, 1226.0, 508.0, 297.0]",M6 rivet-nut or weld-nut finishing operation not yet selected; clearance hole modeled.
front_tool_hatch_nutplate_4,front_tool,generic carbon steel density; grade not specified,0.009099344958475584,"[1674.0, 490.0, 293.0, 1692.0, 508.0, 297.0]",M6 rivet-nut or weld-nut finishing operation not yet selected; clearance hole modeled.
front_tool_hatch_nutplate_5,front_tool,generic carbon steel density; grade not specified,0.009099344958475584,"[1441.0, -508.0, 293.0, 1459.0, -490.0, 297.0]",M6 rivet-nut or weld-nut finishing operation not yet selected; clearance hole modeled.
front_tool_hatch_nutplate_6,front_tool,generic carbon steel density; grade not specified,0.009099344958475584,"[1441.0, 490.0, 293.0, 1459.0, 508.0, 297.0]",M6 rivet-nut or weld-nut finishing operation not yet selected; clearance hole modeled.
arm_center_cable_guard,arm_service,5083-like aluminium density; alloy/temper and weld procedure not qualified,1.0465200000000001,"[552.0, -100.0, 100.0, 1198.0, 100.0, 103.0]","Between 400mm arm mounting plates, does not cover UR bolt patterns."
rear_bumper_RHS_70x50x3,bumpers,generic carbon steel density; grade not specified,5.852645999999999,"[-2050.0, -545.0, -45.0, -2000.0, 545.0, 25.0]","Development guard, not crash/tow rated. Attachment brackets must be load-qualified."
rear_bumper_cap_-1,bumpers,generic carbon steel density; grade not specified,0.08242500000000001,"[-2050.0, -548.0, -45.0, -2000.0, -545.0, 25.0]",
rear_bumper_cap_1,bumpers,generic carbon steel density; grade not specified,0.08242500000000001,"[-2050.0, 545.0, -45.0, -2000.0, 548.0, 25.0]",
front_bumper_RHS_70x50x3,bumpers,generic carbon steel density; grade not specified,5.852645999999999,"[2000.0, -545.0, -45.0, 2050.0, 545.0, 25.0]","Development guard, not crash/tow rated. Attachment brackets must be load-qualified."
front_bumper_cap_-1,bumpers,generic carbon steel density; grade not specified,0.08242500000000001,"[2000.0, -548.0, -45.0, 2050.0, -545.0, 25.0]",
front_bumper_cap_1,bumpers,generic carbon steel density; grade not specified,0.08242500000000001,"[2000.0, 545.0, -45.0, 2050.0, 548.0, 25.0]",
